"","nbsp","sing.sp","FRic","qual.FRic","FEve","FDis","RaoQ","Warning","Error"
"2001",7,7,20.0064600504664,0.860221645082507,0.596930107171928,1.72144176159114,4.0887889691435,NA,NA
"2002",10,10,30.1215033925897,0.768968019966451,0.789095180149144,2.72795425924836,8.06627729010821,NA,NA
"2003",10,10,30.1041564572858,0.787633131649494,0.715777877264666,2.40176453675625,6.3356118477467,NA,NA
"2004",8,8,21.4610695934279,0.794613228464425,0.636839517442459,2.33276767456449,5.96919165389147,NA,NA
"2005",6,6,14.0886105575473,0.86886370764401,0.782688285805593,2.28662557757433,5.86922751171217,NA,NA
"2006",7,7,19.1664621483586,0.86718317044545,0.615530292440506,1.88259128724342,4.42421041046359,NA,NA
"2007",6,6,13.8812821498274,0.892664399666671,0.524312425117714,2.00192815690769,4.95406208592458,NA,NA
"2008",5,5,8.75852727805201,0.995816257225205,0.682083907291726,1.84022859035225,4.28676398411614,NA,NA
"2009",6,6,10.5837341683723,0.96450074022255,0.750743078362987,2.14933829918726,5.58650869925872,NA,NA
"2010",3,3,6.27552510989285,NA,0.455973194149488,1.93531291103288,4.78171957495239,NA,NA
"2011",5,5,8.75852727805202,0.995816257225205,0.705618925004756,2.61917067464529,7.29834774677204,NA,NA
"2012",6,6,10.5837341683723,0.96450074022255,0.712549583716138,2.16705533930816,5.49968048188277,NA,NA
"2013",5,5,6.51410906659313,0.996459120121295,0.715996282198716,1.87497221168639,4.31223064743874,NA,NA
"2014",4,4,5.15756964072483,1,0.795865787242716,1.58766084570193,2.9667939912948,NA,NA
"2015",4,4,6.77487775996942,1,0.808393744879041,2.46855010023688,6.45185855641227,NA,NA
"2016",7,7,11.5301976256503,0.900405311948971,0.484319265112181,2.31803267311544,5.89993385185341,NA,NA
"2017",7,7,15.6806242580492,0.851234953098724,0.527994040075755,2.2117940877745,5.61368194292173,NA,NA
"2018",7,7,15.6806242580492,0.851234953098724,0.534267473337716,2.37554261616775,6.51345100741828,NA,NA
"2019",9,9,18.398292952727,0.838465399418291,0.517705387148608,1.90438686964406,4.72222881628913,NA,NA
"2020",6,6,15.2804769379077,0.85189984711106,0.387604312415064,2.07466075948314,4.57752337716165,NA,NA
"2021",5,5,10.8349867580868,0.927695504890036,0.411057004355365,2.08322553056291,4.7743061848754,NA,NA
"2022",4,4,7.79397251506508,1,0.820203389207392,2.18873398878338,5.06650750289498,NA,NA
"2023",4,4,7.79397251506509,1,0.791857943325368,2.10568681733526,4.7226202585893,NA,NA
"2024",7,7,13.5930407838023,0.90366833195353,0.316994636561458,2.05115988944531,4.81594683824155,NA,NA
"2025",8,8,16.5332023752763,0.885189627634853,0.65810598977761,2.87579366799769,8.76263425182914,NA,NA
"2026",7,7,13.5096358801846,0.936439639051133,0.619155928452344,2.88250272193905,8.55680683184224,NA,NA
"2027",6,6,13.1384165859038,0.910596214981473,0.548828746842761,2.62102887253851,7.1572222148613,NA,NA
"2028",6,6,12.1896321979803,0.893091147028218,0.833934695151846,2.46276186223542,6.91670211409503,NA,NA
"2029",6,6,10.5837341683724,0.96450074022255,0.775216626487574,2.27030545943827,6.02181667462301,NA,NA
"2030",5,5,8.75852727805202,0.995816257225205,0.606653620986544,2.11495567785246,5.32249389786949,NA,NA
"2031",5,5,8.75852727805201,0.995816257225205,0.620048105805236,2.39936358064528,6.47453780702807,NA,NA
"2032",8,8,21.3349124616436,0.838679021559442,0.653771867601089,2.83117371960484,8.14812539450069,NA,NA
"2033",12,12,29.4429154974738,0.785330295467633,0.617642548743887,2.39426841039023,6.77096838996625,NA,NA
"2034",8,8,20.4925744181534,0.885972528033655,0.439544662564526,1.88783232104186,4.33124391303552,NA,NA
"2035",10,10,23.911739921592,0.814366634293715,0.672386279548633,2.56507967381719,7.31048753115736,NA,NA
"2036",9,9,21.4079212122859,0.865803206174603,0.608650937676289,2.26406929746855,5.67405219643311,NA,NA
"2037",7,7,20.9317622715858,0.931249886732186,0.54973284549377,1.84501658600765,4.31138632733879,NA,NA
"2038",9,9,24.4735346672254,0.890154767668436,0.650109829715506,2.53698669741229,7.2212235783873,NA,NA
"2039",4,4,7.77281548643964,1,0.607863559292525,1.9610536204967,4.97002844634631,NA,NA
"2040",3,3,7.48566629814397,NA,0.46355257139415,1.71257127172205,3.72522224186352,NA,NA
"2041",3,3,7.48566629814397,NA,0.306759824383696,1.22552012941381,2.70323155695443,NA,NA
"2042",3,3,7.48566629814397,NA,0.558889452336793,1.96265228608181,4.51311278012519,NA,NA
"2043",5,5,9.09159019193959,0.98519679627235,0.761019272841753,2.03038347020715,4.6489615905075,NA,NA
"2044",5,5,7.98507079429885,0.999925971925118,0.426922629550653,2.10709428104406,4.9755734165996,NA,NA
"2045",3,3,7.48566629814397,NA,0.758873884201597,2.04100477534263,4.56804038949751,NA,NA
"2046",3,3,7.48566629814397,NA,0.529810500033365,1.87150278094468,4.0811425248398,NA,NA
"2047",11,11,26.1816407732727,0.782461022767718,0.708690625395276,3.00368041730367,9.54203868134032,NA,NA
"2048",11,11,26.8572780649562,0.788413536641291,0.507764840237759,2.46732531281741,7.0257237305,NA,NA
"2049",7,7,18.0124045305387,0.89819841635703,0.639726148152654,1.83934848804862,4.35974509837075,NA,NA
"2050",8,8,20.3099465654425,0.891281946881205,0.649976923002035,2.33764300666518,6.0473263640546,NA,NA
"2051",3,3,7.48566629814397,NA,0.210627618454398,0.872756036305081,1.93502630036132,NA,NA
"2052",4,4,7.77281548643964,1,0.608652495036117,2.27987007159277,6.15356365815912,NA,NA
"2053",3,3,7.48566629814397,NA,0.404957432408914,1.57406050970002,3.71207248215618,NA,NA
"2054",3,3,7.48566629814397,NA,0.37268011240624,1.50341718418646,3.59785112172994,NA,NA
"2055",7,7,19.5810893980754,0.882121144181157,0.600819759922342,2.20269239272447,5.51569670137384,NA,NA
"2056",10,10,26.3456253463991,0.865974125700695,0.556424718580052,2.56986198500259,7.04839736261298,NA,NA
"2057",8,8,20.2355437254836,0.895398619993847,0.504140895577617,2.3651319132017,6.07885661485512,NA,NA
"2058",8,8,21.433957343138,0.871819340437054,0.499554995946216,2.30965627530332,5.85858190954848,NA,NA
"2059",9,9,26.4934909764957,0.803691492761881,0.562801794944438,2.42796643130803,6.67051419193911,NA,NA
"2060",12,12,26.3864909809161,0.783508541049211,0.632515994588241,2.67322229893129,7.73911952118814,NA,NA
"2061",6,6,14.1644483456801,0.909925244272577,0.442793451366454,2.32844917852227,5.57632106000275,NA,NA
"2062",6,6,14.3266121690979,0.89925282670923,0.275755578453701,2.14135613700233,4.87029087809042,NA,NA
"2063",8,8,14.5905390713486,0.866566905082268,0.703888979120448,2.41351782333642,6.69207829467582,NA,NA
"2064",8,8,14.5905390713486,0.866566905082268,0.663627614637938,2.29663378614699,6.24514209652432,NA,NA
"2065",7,7,14.9988685997986,0.912743844357194,0.633740719830275,2.13830785936752,5.784787254289,NA,NA
"2066",4,4,1.65150175483941,1,0.742346507951156,1.94678539240865,4.59189199728549,NA,NA
"2067",5,5,8.30145980072507,0.996830083159498,0.647628480771954,2.1871654743317,5.08887731537185,NA,NA
"2068",6,6,9.936759000949,0.934339561370656,0.589142962795778,2.20223041967824,5.29620358760041,NA,NA
"2069",5,5,8.758527278052,0.995816257225205,0.538106306862409,2.11599879138018,5.11801385549009,NA,NA
"2070",4,4,7.77281548643964,1,0.211266014666417,2.21028534309089,5.11109531013286,NA,NA
"2071",5,5,8.93552864577494,0.925926335707671,0.335662849615008,1.43817774745174,3.02342620007067,NA,NA
"2072",3,3,7.11281140252591,NA,0.995296011796533,2.33044336234093,5.58069921617456,NA,NA
"2073",2,2,NA,NA,NA,2.0711115780316,4.39349112426035,NA,NA
"2074",6,6,9.55957461866676,0.916850642276838,0.663628681593291,2.81636758751747,8.05834746620794,NA,NA
"2075",7,7,11.7935128368144,0.907497593569417,0.649955128335184,2.62197227265976,7.03535534557623,NA,NA
"2076",6,6,9.27343552913876,0.924490948853353,0.654617911545555,2.2235504510562,5.71114498244853,NA,NA
"2077",5,5,8.75852727805202,0.995816257225205,0.691722626176765,2.8105644032609,7.93595256023178,NA,NA
"2078",6,6,10.1837884904676,0.968532731866988,0.561745697885347,2.48507071516152,6.64171056508216,NA,NA
"2079",5,5,9.97257771296123,0.927919485973252,0.806407348064075,2.07422570017322,4.85438979592223,NA,NA
"2080",5,5,9.09235647347207,0.962441533709239,0.245056611149532,2.06157818283376,4.55393846390238,NA,NA
"2081",5,5,10.3913423937631,0.909302044639254,0.521211421952423,1.98667607756611,4.68356829108263,NA,NA
"2082",4,4,1.30439650230457,1,0.396269503045562,2.34423880629793,6.14181238185782,NA,NA
"2083",3,3,7.48566629814397,NA,0.378027408305943,1.49180506705209,3.51935458825471,NA,NA
"2084",7,7,11.9761740286809,0.920443699055685,0.585246963611138,2.30452993699438,5.82904416557982,NA,NA
"2085",6,6,9.74947598499286,0.944982358126081,0.569054735109951,2.20567802116594,5.59303554514513,NA,NA
"2086",6,6,9.74947598499287,0.944982358126081,0.177037316747092,1.93763731996169,4.31705691447419,NA,NA
"2087",5,5,9.97257771296121,0.927919485973252,0.429159804448333,1.87635005768862,3.78455110034712,NA,NA
"2088",6,6,15.9863929872492,0.932107489829867,0.575436659325841,2.22257209920738,5.7335462079004,NA,NA
"2089",10,10,27.2689461008183,0.839375257212109,0.62121603562076,2.59927636929356,7.12776274721603,NA,NA
"2090",5,5,10.1173820023796,0.958519101080475,0.689650030020643,2.11663944412299,4.70805691758095,NA,NA
"2091",5,5,12.6498171725666,0.893101961387102,0.873812481887155,2.59756736206337,6.81958196313732,NA,NA
"2092",7,7,17.9604918462766,0.919314966790801,0.77115552167274,2.47464599136717,6.38564268074784,NA,NA
"2093",8,8,20.4925744181535,0.885972528033655,0.58609542499816,2.56783498292206,6.94924641400546,NA,NA
"2094",6,6,16.2535676057436,0.933917966446108,0.736069920042231,2.20254198343976,5.57688751390572,NA,NA
"2095",7,7,18.1209989076447,0.932686532031382,0.726042527334481,2.47316834129906,6.63700648282925,NA,NA
"2096",10,10,17.2459966531016,0.827666242336663,0.441774829454249,2.3798170895247,6.39963494705724,NA,NA
"2097",10,10,17.080433111219,0.859374892077055,0.621400130932581,2.32917098538011,6.15527891963756,NA,NA
"2098",12,12,26.0848579749599,0.771315883761069,0.503112479001313,1.96317316556853,4.92236151340478,NA,NA
"2099",11,11,23.2752319194523,0.879022398924135,0.607473771574871,2.05994170116571,5.21776914236378,NA,NA
"2100",3,3,7.48566629814397,NA,0.762818693376468,2.33719863265761,5.68522938634798,NA,NA
"2101",4,4,7.79397251506509,1,0.791529082145983,1.93231694942357,3.99981791608678,NA,NA
"2102",3,3,7.48566629814397,NA,0.669931253769364,2.12314305688295,4.90895938035087,NA,NA
"2103",3,3,7.48566629814397,NA,0.852294685948861,2.35262457733242,5.64854161772844,NA,NA
"2104",5,5,9.81860786958105,0.998374691789764,0.693885091357244,2.6886074529403,7.47802008120118,NA,NA
"2105",8,8,17.5198914867861,0.857376918705235,0.671861396069752,2.64852491894834,7.58943419024317,NA,NA
"2106",9,9,25.5072535585648,0.830247823268275,0.602500365667459,2.78747234978513,7.85081047349649,NA,NA
"2107",7,7,15.6899327213684,0.856155179559699,0.567337687888583,2.09912040725081,5.26039886483706,NA,NA
"2108",10,10,21.3037545234805,0.849083098388736,0.521659625981514,2.96192011839625,9.01505417959802,NA,NA
"2109",8,8,17.3964227177656,0.901739275034546,0.605903901014252,2.32496973936286,6.0688358467953,NA,NA
"2110",10,10,30.9327804634823,0.87804305142733,0.646907024487788,2.86200138279004,8.60493271578699,NA,NA
"2111",7,7,13.820266351305,0.933174411327251,0.549348039007994,2.43619739210183,7.05244603279696,NA,NA
"2112",9,9,23.2619974537985,0.864903850269447,0.671415296290278,2.89690145527142,8.57529779113826,NA,NA
"2113",6,6,10.9206311365735,0.944582344221451,0.63596621886856,2.54407755332202,7.21926303693683,NA,NA
"2114",5,5,9.75486804129552,0.927709600819054,0.706721804157753,1.29342518039275,3.3332075389421,NA,NA
"2115",6,6,9.74947598499286,0.944982358126081,0.28156350300947,1.86917100949123,4.65704040510547,NA,NA
"2116",4,4,6.90357104648266,1,0.353989414568805,1.52863409069236,3.26580224376031,NA,NA
"2117",7,7,15.1224984133823,0.921867230566027,0.656258695236086,1.51028242156008,3.88498184713629,NA,NA
"2118",6,6,12.8143849642181,0.894904742778902,0.686580831963272,1.48945720173359,3.6677612937427,NA,NA
"2119",6,6,11.7812080504758,0.925960597803693,0.64766154278268,1.65481153946663,4.15275937085288,NA,NA
"2120",6,6,10.3285921506112,0.99886920418055,0.373716913248344,2.25508336822378,5.71805048144244,NA,NA
"2121",4,4,3.96865744281571,1,0.660588350351876,1.90699952691111,4.11930794809949,NA,NA
"2122",4,4,5.71386643174277,1,0.693638902288468,1.72874729512722,3.31875727330542,NA,NA
"2123",3,3,7.48566629814397,NA,0.415271234600179,1.58211970414475,3.53261608856644,NA,NA
"2124",3,3,7.48566629814397,NA,0.222703352651751,0.931290362139958,2.13486769600668,NA,NA
"2125",9,9,26.0290394448642,0.876721985510809,0.567500166714793,2.56082247865955,7.25272031267265,NA,NA
"2126",11,11,27.981912157283,0.868412471419781,0.446119152359385,2.85724321068838,8.51342944652426,NA,NA
"2127",5,5,10.5917794088555,0.93550205720354,0.268789252865809,2.06493053480287,4.80464839267927,NA,NA
"2128",10,10,26.5884837950633,0.814246122050323,0.514088141051787,2.27629914200123,6.23423073349927,NA,NA
"2129",7,7,15.8545427590696,0.865361389398797,0.78962085626943,2.29199450797095,5.56804136281795,NA,NA
"2130",7,7,16.8658181187255,0.877002425981847,0.793040551586283,2.3719816688253,6.04770783625992,NA,NA
"2131",8,8,19.5569538086326,0.85465279409127,0.333970055407528,2.20246922979165,5.35148005376821,NA,NA
"2132",8,8,19.0505803216957,0.855374933082681,0.585276323826162,2.29873610259087,5.74341018060977,NA,NA
"2133",6,6,14.2245614505905,0.880367186519119,0.724775962600472,2.30379324689543,5.92035794789822,NA,NA
"2134",11,11,27.3373399736219,0.846517306495918,0.558890598647288,2.67978262553706,7.5380692828137,NA,NA
"2135",8,8,22.3637790624352,0.919314263802523,0.56849441968084,2.74115782365737,7.87836177312911,NA,NA
"2136",6,6,15.2139356903053,0.955488433814711,0.710457935051197,2.7216474645052,7.81524994455768,NA,NA
"2137",12,12,32.1612492804208,0.881662256355421,0.522460891040928,2.182281835698,5.58868172186325,NA,NA
"2138",12,12,32.1612492804208,0.881662256355421,0.405755806275872,2.41750509437289,6.54274870864625,NA,NA
"2139",13,13,32.9725955451215,0.76448140889568,0.578649544848579,2.74803769632998,7.93117606219478,NA,NA
"2140",13,13,38.4386073128795,0.834496474619832,0.466820251114282,2.15410826176606,5.25604628947301,NA,NA
"2141",8,8,20.2355437254836,0.895398619993846,0.7885455861739,2.70698237477142,7.47710381522258,NA,NA
"2142",10,9,23.1291608697026,0.896691415115562,0.661372477007479,2.67021662893962,7.47204688921454,"Zero distance(s)",NA
"2143",7,7,18.0409443652804,0.968308885757055,0.523065451118848,2.51201756110953,6.95213580522027,NA,NA
"2144",8,8,21.6211629669622,0.843668106145277,0.502700795659384,2.70358264125928,7.60482254525295,NA,NA
"2145",8,8,18.4971371412283,0.858843671115369,0.71097482348612,2.59815455171406,7.09341791065289,NA,NA
"2146",10,10,24.0196499095307,0.865451269143384,0.52125323950315,2.29835480040395,5.92609918571707,NA,NA
"2147",12,12,30.3896630303567,0.721329925980036,0.583924323727681,2.67107746702438,7.59691090906249,NA,NA
"2148",14,14,30.7236385559288,0.735708371013078,0.550119781655077,2.53863262924826,7.47508761014872,NA,NA
"2149",12,12,28.8871108993666,0.809853985578841,0.390304902406839,2.24031537357878,5.50720540892905,NA,NA
"2150",9,9,20.1868619289469,0.856182912126421,0.462310596281151,2.52111825381027,6.70465543252989,NA,NA
"2151",11,11,26.0520123834245,0.802220093121921,0.551316141920726,2.45646450865244,6.76463382201798,NA,NA
"2152",14,14,32.4793261508199,0.785561971579566,0.501146463920048,2.30979468500407,5.90052433800331,NA,NA
"2153",13,13,36.3098075896823,0.806979819406203,0.533780867971363,2.23626262579283,5.54236245476192,NA,NA
"2154",7,7,16.3372257093587,0.921098933797105,0.717168947241752,2.85502987574212,8.26973701024744,NA,NA
"2155",11,11,30.3125137621355,0.83034686985877,0.702627551018536,2.53605649574372,6.7902615130884,NA,NA
"2156",9,9,23.4734738071716,0.884029834662941,0.531318041622088,2.74101982954151,7.87497432512155,NA,NA
"2157",8,8,20.497363861931,0.885836193156286,0.87909654727263,2.54617183180528,6.66361430045242,NA,NA
"2158",9,9,23.5992070282995,0.81597248338181,0.684813524700666,2.4323926178319,6.19857104131117,NA,NA
"2159",12,12,33.4377774548023,0.78902905603503,0.626279290556897,2.48202486953888,7.05909818208197,NA,NA
"2160",13,13,35.364269887804,0.793347227265446,0.548407776234578,2.25943215986942,5.77200373009182,NA,NA
"2161",13,13,28.6513691925628,0.768087431723035,0.561132575423892,2.37004894236102,6.46680550616211,NA,NA
"2162",11,11,23.7444160621159,0.895266059015608,0.473782235465523,2.09398016765883,5.13368072684846,NA,NA
"2163",13,13,39.27543043914,0.764818938301171,0.517438530670838,2.53205581521837,6.78473790024052,NA,NA
"2164",12,12,38.0045608755123,0.858953796396099,0.493815037105619,2.56794048133202,7.31657576962122,NA,NA
"2165",13,13,38.6466441572237,0.82929919568646,0.534502564300757,2.56266875534503,7.30440786822779,NA,NA
"2166",10,10,23.7430489575342,0.84985229438494,0.471405907360026,2.39222246660684,6.34638909124932,NA,NA
"2167",12,12,28.7631578798746,0.749719890009079,0.514208108545423,2.62482108572855,7.46620607932881,NA,NA
"2168",12,12,32.2515245494336,0.741511260453805,0.537349909373497,2.29680021066035,5.9208975563435,NA,NA
"2169",7,7,17.1743360573811,0.930119620693724,0.674658271213408,2.66901829559208,7.56696756097904,NA,NA
"2170",12,12,30.7934812667891,0.798281414669718,0.671913981719262,2.72313989570302,8.02035283009868,NA,NA
"2171",14,14,30.564269169666,0.848971103634937,0.655960668723133,2.40527234772377,6.61196605855357,NA,NA
"2172",10,10,26.6782225083403,0.791336511715172,0.527496103890991,2.38617948425106,6.66116700716071,NA,NA
"2173",11,11,30.315522559996,0.775781679012198,0.452501940455899,2.62600492869923,7.91810134984054,NA,NA
"2174",11,11,27.2913437319972,0.718963653350054,0.594669181666443,2.69013350610237,8.09179931252384,NA,NA
"2175",9,9,18.49815889634,0.836904391995661,0.679440174992807,2.86324078081265,9.02578824317215,NA,NA
"2176",10,10,30.3527135646848,0.840293306009306,0.674181741035723,2.94712229627982,9.32969508315552,NA,NA
"2177",9,9,18.5466548819715,0.881501510437596,0.751708411339456,3.14657786432871,10.3872619493941,NA,NA
"2178",11,11,34.6432809826741,0.826114886311063,0.667329108221913,2.79053599644848,8.71484711987375,NA,NA
"2179",14,14,35.9855743732927,0.692568954230913,0.546241198387133,2.26480341467056,5.92522606756109,NA,NA
"2180",7,7,15.6154086464739,0.882123776216056,0.358419143108818,2.34873144993208,6.30955491169428,NA,NA
"2181",9,9,26.1172932114037,0.867762054961381,0.411587607891929,2.57092051890223,7.01300794565675,NA,NA
"2182",8,8,21.8888038523116,0.911208250566947,0.576285360904752,2.52177970189109,6.83068335125263,NA,NA
"2183",13,12,36.2734247777929,0.782029877010616,0.42404714277693,2.66006178912328,7.63953869424689,"Zero distance(s)",NA
"2184",13,13,39.8053671718276,0.776789393438439,0.624086861429397,2.65354894901476,8.13726943238425,NA,NA
"2185",13,13,29.3166514796402,0.772164799038846,0.497757652433512,2.44724954709786,6.62060931967319,NA,NA
"2186",12,12,28.5775051285983,0.784957529392675,0.702077017424371,2.45899716553155,6.70697086765357,NA,NA
"2187",11,11,29.8977705332189,0.81356281694121,0.58862722504957,2.60655804751525,7.35970152135121,NA,NA
"2188",10,10,25.5760264375569,0.832398002111236,0.748127872397526,2.61855731917663,7.52720752779908,NA,NA
"2189",11,11,30.2810783999965,0.867057997343425,0.662531707823097,1.99531120135911,4.80445907033654,NA,NA
"2190",13,13,34.945108002282,0.751816709611297,0.635304544103945,2.54992330643303,7.35217185202008,NA,NA
"2191",12,12,27.700681174983,0.714160880949234,0.697477403484698,2.03091182367027,5.16687706994669,NA,NA
"2192",8,8,21.7558201142422,0.947810479485614,0.435574511339743,1.99816531823619,4.7153656298249,NA,NA
"2193",9,9,26.5418466514044,0.820407901813278,0.744705338904353,2.78768918580526,8.60227349848715,NA,NA
"2194",10,10,27.2986153768068,0.805090596014644,0.636768722443741,2.60042859246995,7.22159814608604,NA,NA
"2195",13,13,28.0519187882452,0.870411730881305,0.649895959182445,2.7451774478745,8.16710904600152,NA,NA
"2196",12,12,34.0520058497828,0.786580603892769,0.621152802522434,2.54611370813072,7.1553612007852,NA,NA
"2197",11,11,26.9147443181339,0.833138457043493,0.465016761890437,2.2558244187442,5.80960988145456,NA,NA
"2198",14,14,33.9960710216537,0.798168092139548,0.710899253859776,2.60654028469834,7.78756113209623,NA,NA
"2199",13,13,28.6257507578697,0.846026988442308,0.635891302979966,2.63723745617678,7.41885057763941,NA,NA
"2200",14,14,35.8434689956722,0.801967945262163,0.426571931597553,2.44795904433931,6.48663132832534,NA,NA
"2201",11,11,25.2576734577787,0.868745097598345,0.634460262616507,2.58473949529379,7.1874406877838,NA,NA
"2202",9,9,22.1283268836347,0.819533225520709,0.518780399179291,2.44646891000621,6.26198155998181,NA,NA
"2203",12,12,29.1022072795841,0.814376077292633,0.640303319430079,2.54362617111953,7.24205361413661,NA,NA
"2204",12,12,30.5736091274376,0.810640007820185,0.667146162352302,2.61987260047881,7.56384218767352,NA,NA
"2205",14,14,36.844876855043,0.767165572729486,0.694797654237709,2.6213326324187,7.64388517778904,NA,NA
"2206",10,10,20.5621189918051,0.734112122716859,0.675541125553861,2.34152488741595,6.03054496136752,NA,NA
"2207",8,8,19.619395753506,0.826714580854657,0.521835302660317,2.08926628564218,4.70496454657932,NA,NA
"2208",8,8,16.0512650337233,0.873788830644784,0.636780500226578,2.03169237147244,4.94549636570458,NA,NA
"2209",11,11,25.0621777249871,0.830849730478234,0.55641375233862,2.34847924516196,6.12570109032157,NA,NA
"2210",11,11,29.3480496232834,0.819305614051576,0.516629029109786,2.75133822785477,7.92865051768608,NA,NA
"2211",11,11,26.4452321664169,0.867455783952502,0.5466814784829,2.74266613095508,7.77828146583748,NA,NA
"2212",12,12,30.6447135699059,0.865720511708041,0.54735432685796,2.42576420579887,6.57046628793342,NA,NA
"2213",12,12,29.6448272223844,0.784857265637672,0.684832428353938,2.67432612216555,7.77262500360887,NA,NA
"2214",13,13,33.5965899976257,0.776747767998421,0.710278275685046,2.72324364560824,8.01230040854518,NA,NA
"2215",12,12,28.8209614941344,0.812055832388064,0.663257169705899,2.33104470764411,6.17899435541967,NA,NA
"2216",13,13,36.8722446580064,0.781658471160037,0.565067994932758,2.63995775427444,7.75913567507995,NA,NA
"2217",12,12,32.725031347467,0.821769361370653,0.415331715077911,2.29973343737407,5.93670566668272,NA,NA
"2218",12,12,33.4377774548022,0.78902905603503,0.596764502352763,2.41262169977364,6.49022664463189,NA,NA
"2219",6,6,14.9960436057972,0.917282954387597,0.943421692973735,2.6039808963818,7.05939892126234,NA,NA
"2220",7,7,14.584910092213,0.879337252968572,0.77336484827554,2.70100342302775,7.49871156106598,NA,NA
"2221",8,8,19.8189809277056,0.772494716230163,0.453970042346697,2.22727886823658,5.52659413851421,NA,NA
"2222",9,9,22.0732440528949,0.887916382092305,0.474458727114394,2.65021679345756,7.25023206009838,NA,NA
"2223",5,5,12.02484233245,0.985330035979369,0.939789269319103,2.50247684547986,6.52598556961652,NA,NA
"2224",8,8,20.3807490208672,0.865577545950869,0.448683980327418,2.32375891654274,6.05050705681026,NA,NA
"2225",9,9,24.4810568491518,0.763889481184079,0.583465140451447,2.21556756578371,5.53574361658638,NA,NA
"2226",10,10,22.4376124836104,0.811904249876034,0.538594386605248,2.2154362428862,5.37137469772415,NA,NA
"2227",10,10,19.3439295262658,0.875338420584731,0.766658201427226,2.70106345574276,7.91527625530176,NA,NA
"2228",6,6,16.3712220656819,0.90698999248267,0.689675236189453,2.09974238845804,4.91348710926245,NA,NA
"2229",8,8,22.6197129797604,0.861669463885972,0.515808876017195,2.2238880725456,5.21742167253667,NA,NA
"2230",8,8,22.7229330981551,0.847158241153959,0.515228553046417,2.29087529793951,5.71591087243158,NA,NA
"2231",5,5,12.02484233245,0.985330035979369,0.860016788327862,2.67064694710269,7.28517231906628,NA,NA
"2232",5,5,5.33996960868581,0.984197676621063,0.838002102413873,2.25522502129551,5.47886053088604,NA,NA
"2233",8,8,16.3089097099598,0.810166788732794,0.5177482093994,2.35825863362285,5.97083462785497,NA,NA
"2234",7,7,11.2049950790383,0.879521667946921,0.668602868162033,1.9943431055253,4.48490298407863,NA,NA
"2235",7,7,15.9893843281461,0.906188025545271,0.454283160185499,1.61419738287397,3.46411368202616,NA,NA
"2236",9,9,22.6216657682709,0.857977596076454,0.492502134091429,2.23037320533247,5.58323648771938,NA,NA
"2237",11,11,28.9671899047537,0.796159684136895,0.619101917966334,2.65752222143832,7.84920848545909,NA,NA
"2238",11,11,26.4412958299345,0.804420424494471,0.638103139886005,2.43813491896076,6.43351568857442,NA,NA
"2239",12,12,36.2369947616955,0.842811643419692,0.590690504437147,2.38198896169064,6.54664039383699,NA,NA
"2240",14,14,35.8491291062106,0.785846984012713,0.591522532772999,2.49728717204257,6.97658195636878,NA,NA
"2241",12,12,30.1694147214455,0.855843186648913,0.608627288185407,2.63592609986407,7.61834581203229,NA,NA
"2242",14,13,31.800420503614,0.763996978217552,0.642042860011897,2.92676152482152,9.13871148200935,"Zero distance(s)",NA
"2243",11,11,31.4342413559338,0.778714147939193,0.583402060295594,1.95700994515943,5.22152387173871,NA,NA
"2244",10,10,25.3869283483225,0.876948042494442,0.652827670053524,2.54914272735484,7.23351536201752,NA,NA
"2245",12,12,26.3135071419257,0.772933758100801,0.705655441237586,2.56360327184189,7.18667179380874,NA,NA
"2246",11,11,30.2946522991474,0.792997558925523,0.720078247688966,2.7337230917656,8.01051673233305,NA,NA
"2247",11,11,21.0161361019659,0.770337717215729,0.531896795271152,2.6524869219737,7.71859040926502,NA,NA
"2248",8,8,22.88027217973,0.851561237618963,0.420022637475121,1.96342765521754,4.51099149726662,NA,NA
"2249",9,9,22.5089751203847,0.857454105024591,0.613169938250672,2.15613246002804,5.44865082028168,NA,NA
"2250",10,10,26.1068216430346,0.815938733112909,0.636153839138572,2.31622743603636,6.33253028123793,NA,NA
"2251",10,10,26.9455953168779,0.796692423322418,0.632304631754237,2.19042657951386,5.83938043563236,NA,NA
"2252",2,2,NA,NA,NA,1.12550184619046,2.38754996303776,NA,NA
"2253",2,2,NA,NA,NA,1.4621265288774,3.10163875056587,NA,NA
"2254",3,3,6.63674942948494,NA,0.777579765042284,2.04811988394089,5.06873268641298,NA,NA
"2255",3,3,6.63674942948494,NA,0.274681295506606,0.794956660099538,1.95163647185385,NA,NA
"2256",2,2,NA,NA,NA,0.923773802787811,1.95962016070124,NA,NA
"2257",2,2,NA,NA,NA,0.552057059150319,1.17108987038128,NA,NA
"2258",8,8,16.6517440051925,0.741568828014091,0.57575619470783,2.38888627020672,6.04624052194373,NA,NA
"2259",11,11,25.2882160079061,0.715871234297993,0.602141469598576,3.00057803060432,9.50962039299204,NA,NA
"2260",14,14,37.3271189288134,0.751345149409512,0.744947101045509,3.07606154741336,10.3071879361742,NA,NA
"2261",8,8,18.0208237506769,0.856195522221038,0.628289164383727,1.86319864956633,4.22525381412573,NA,NA
"2262",12,12,22.5467930973017,0.732472577391687,0.542470711221773,2.13784252871566,5.08911893839394,NA,NA
"2263",10,10,31.3491916521921,0.869163640550947,0.682510265675738,2.9692876815676,9.12835479282805,NA,NA
"2264",8,8,26.3582022871109,0.911916901995106,0.770053504491484,2.89698067119832,8.81103183211134,NA,NA
"2265",7,7,15.6899327213683,0.856155179559699,0.76801014954701,2.08816512628939,5.45477866079266,NA,NA
"2266",6,6,10.5762681456885,0.896658892711849,0.758575948683317,2.53967254973603,7.17081319203731,NA,NA
"2267",11,11,32.9430179730274,0.88227492095533,0.650120569932791,2.7483688062429,8.73509010546359,NA,NA
"2268",7,7,16.5431574851762,0.899020230831499,0.542139303847252,2.94146524991368,8.74448401834582,NA,NA
"2269",8,8,22.4712158720436,0.833037645883813,0.434953727942192,2.46847287017197,6.59868245033705,NA,NA
"2270",8,8,20.2355437254836,0.895398619993847,0.666512591261323,2.62620401125582,7.3069620203287,NA,NA
"2271",11,11,23.7774555926908,0.733652078051496,0.622836785561407,2.90834879857245,8.8847563259028,NA,NA
"2272",10,10,25.8937200099819,0.786061495261992,0.660558153669462,2.93979208648147,9.11483588852921,NA,NA
"2273",5,5,8.77604503913089,0.96806311453012,0.659773257095123,2.23574184825366,5.93184178375556,NA,NA
"2274",3,3,6.63674942948494,NA,0.641452234093403,1.82744657582209,4.51062122700848,NA,NA
"2275",10,10,26.0354700227599,0.748867119780398,0.579496180858418,3.34580674484977,11.2543691768276,NA,NA
"2276",9,9,24.4599754448762,0.842360149606001,0.763153580497412,3.08340531106117,10.0987019084214,NA,NA
"2277",10,10,20.5752714130157,0.75826302206971,0.590516027822334,2.24443836105235,5.61812898778306,NA,NA
"2278",10,10,21.2796333190155,0.820268042233278,0.616671489061709,2.38445227583949,6.28538722459381,NA,NA
"2279",14,14,36.1018650532023,0.72308605585129,0.583098024312685,2.24860085541617,6.36650869410467,NA,NA
"2280",15,15,34.3476368457904,0.672283915361833,0.483123243481442,2.69562642187423,8.02045488168638,NA,NA
"2281",12,12,33.8708655288393,0.755327537010192,0.68310418264923,2.68036149525904,7.80593144154104,NA,NA
"2282",11,11,23.6549666170683,0.747583694028253,0.606436921153556,3.18670647225496,10.5118913309327,NA,NA
"2283",4,4,7.77281548643965,1,0.319577878323366,1.63613822730481,3.67903753103826,NA,NA
"2284",13,13,34.6363500278097,0.750819188971662,0.500251632059595,2.78781900796355,8.53196304040394,NA,NA
"2285",6,6,11.6282459691279,0.882408293382086,0.521496404626799,2.645067892432,7.26309525445199,NA,NA
"2286",14,14,34.3100743987274,0.716712987625245,0.701685394308253,2.31468338915621,7.0597674156755,NA,NA
"2287",11,11,28.6594092552207,0.766532026977774,0.644434878934937,2.42873495926115,6.41928830290982,NA,NA
"2288",9,9,24.4144785965454,0.825934814241906,0.832172564121494,3.05610136121311,9.47869216725393,NA,NA
"2289",4,4,4.99228050245096,1,0.778667082984885,2.44933266867653,6.71508632718853,NA,NA
"2290",8,8,23.9010527656606,0.886395486942544,0.630150202061896,2.61278393157889,7.4932072986036,NA,NA
"2291",8,8,23.0393266212487,0.896047142184519,0.44726493026029,2.5187943944907,7.13374551123421,NA,NA
"2292",8,8,23.0243104362807,0.867249924404262,0.663392587770044,2.59095911843359,7.26220502170737,NA,NA
"2293",8,8,22.466356509688,0.879228495582982,0.45768841908723,2.70475948847881,7.62169863377533,NA,NA
"2294",10,10,28.7375640683873,0.837491985255347,0.567429607643462,2.92562375963912,8.99271895585141,NA,NA
"2295",11,11,30.564921345629,0.84420699254097,0.694745579617968,2.65090112525869,7.83501334243952,NA,NA
"2296",7,7,21.7664618659044,0.926952370395606,0.643213128768977,2.63708587092397,7.67175146543777,NA,NA
"2297",11,11,32.3955776154301,0.836085249546083,0.643676645831911,2.66852760176879,7.56271634066933,NA,NA
"2298",5,5,13.1253209964524,0.924420868890462,0.645584572475626,2.41791307947822,6.05715430743806,NA,NA
"2299",4,4,8.161488473487,1,0.830654808679648,2.51828837834733,6.52064308429901,NA,NA
"2300",6,6,16.8679155733646,0.904370023213306,0.702610369448939,2.63524374450231,7.28986288825241,NA,NA
"2301",6,6,17.1109272850052,0.896812483695955,0.739887478428725,2.2707424669938,5.93388913525404,NA,NA
"2302",7,7,19.8647532091801,0.843842165383505,0.711664670283858,2.33209402760418,6.04940727970685,NA,NA
"2303",6,6,13.8357596855075,0.907538825338061,0.402805617534863,2.74590324281008,7.7125795756462,NA,NA
"2304",9,9,23.1594471582729,0.889626863187635,0.555938751146058,2.37352649784581,6.24850102415679,NA,NA
"2305",6,6,13.8357596855075,0.907538825338061,0.293495582488594,2.77478395275172,7.85831691804826,NA,NA
"2306",8,8,17.3571925506634,0.915391847257736,0.479299724115287,2.19599695749607,5.52593736915165,NA,NA
"2307",6,6,14.0768463205784,0.908622792641503,0.523065004846289,2.89812736596725,8.47103217229932,NA,NA
"2308",9,9,24.5238777457548,0.863372690989049,0.582086384975289,2.16823626111805,5.44581033154822,NA,NA
"2309",7,7,18.0520723279427,0.905562409105866,0.385993043591035,2.24091802029198,5.1850921912684,NA,NA
"2310",8,8,20.8892386184359,0.874288735840204,0.621586766298652,2.08355319601253,5.52614436965215,NA,NA
"2311",8,8,26.1672246084204,0.860794606148776,0.648081407196759,2.65501471943005,7.40326607282652,NA,NA
"2312",6,6,15.5333852366619,0.912961056081041,0.648828405585058,2.57665653988351,7.11372272272157,NA,NA
"2313",7,7,21.123220518352,0.907448026038396,0.541044359738798,2.25233100336461,5.43849361025595,NA,NA
"2314",9,9,27.0509619336465,0.856914595084933,0.656975592346124,2.64439748323256,7.79087360629657,NA,NA
"2315",9,9,26.3934194673531,0.851973704314724,0.623719576376452,2.61511132617319,7.20884822430957,NA,NA
"2316",7,7,20.1682229669202,0.894458979646819,0.832899247008456,2.00132513801048,5.5385614620014,NA,NA
"2317",4,4,6.85044710378377,1,0.810523415687793,1.90004068378374,4.24416515871288,NA,NA
"2318",2,2,NA,NA,NA,0.838052481406277,1.77777777777778,NA,NA
"2319",5,5,11.5304476396987,0.904854749786202,0.76900974285404,2.07252937072821,4.63276483683644,NA,NA
"2320",6,6,13.4460985056663,0.859500198798966,0.614284594228011,2.91980514676376,8.55637428168498,NA,NA
"2321",6,6,13.2521919225673,0.861995450568139,0.667471706278896,2.05880994995722,5.6670607406801,NA,NA
"2322",3,3,7.75317660600615,NA,0.763879862362507,2.1405239554593,4.85017026360021,NA,NA
"2323",5,5,11.476649894712,0.963138642728963,0.496864845369899,2.75295721637265,7.64092908127092,NA,NA
"2324",6,6,16.3607593825911,0.95166326942705,0.682807044790052,2.41889993439538,7.30580094459838,NA,NA
"2325",5,5,12.2266195756691,0.972930155016574,0.582424368776988,2.42080022732946,6.24371113569979,NA,NA
"2326",7,7,19.8293281133573,0.894721763195625,0.753219499347452,2.51290348146523,7.02992511651399,NA,NA
"2327",3,3,7.61249485480805,NA,0.820386489598765,1.39054262306428,2.87946494274439,NA,NA
"2328",6,6,15.7511134834762,0.899846150368258,0.499853026439156,2.22321279330547,5.77451300212205,NA,NA
"2329",4,4,6.79491194406868,1,0.779110342678918,2.38478475224447,6.06742669103884,NA,NA
"2330",6,6,12.2187040545532,0.946797287925532,0.709140629632846,2.77669903593762,7.92645290963203,NA,NA
"2331",7,7,20.3666343763335,0.865596666344782,0.567476861125787,2.60065527494635,7.00491060869474,NA,NA
"2332",8,8,22.9445619991413,0.857939575828584,0.665893456626481,3.02674605384459,9.4071481279084,NA,NA
"2333",5,5,10.8420448232028,0.912232713780336,0.572660582499757,2.31414714091516,5.72841681156871,NA,NA
"2334",4,4,6.90357104648267,1,0.910555405219161,2.44438713479793,6.0770169144136,NA,NA
"2335",8,8,22.5998367519103,0.876139077297966,0.708072502088999,2.84783333934772,8.41977482034483,NA,NA
"2336",8,8,18.9512652290745,0.810030386947959,0.504570180868645,2.67461489063113,7.30733253638351,NA,NA
"2337",8,8,20.7093236341432,0.88516822681351,0.710961083397667,2.90993355971129,8.73611152808434,NA,NA
"2338",7,7,16.4650471621279,0.886703271185016,0.679434909706212,2.63817788264632,7.04729025139905,NA,NA
"2339",9,9,24.130228634275,0.835072047974835,0.6799043309515,3.06650094110385,9.61062410848825,NA,NA
"2340",8,8,20.9082996922902,0.81411414605608,0.674822051212989,2.69210675207367,7.58728031869451,NA,NA
"2341",7,7,19.5830624424365,0.877919609690159,0.678590814958868,2.98286055014856,9.00718395913727,NA,NA
"2342",8,8,22.3782790193322,0.817687135408643,0.718416603941859,2.76721141521141,8.10738447727678,NA,NA
"2343",5,5,10.3599357242333,0.919356880481566,0.760914084603944,2.0903923217983,5.27011329658686,NA,NA
"2344",7,7,18.4706784067383,0.823269813170075,0.697681133485818,2.4956592081464,6.8652425606238,NA,NA
"2345",8,8,21.4437869100264,0.790961297890657,0.643869689385365,2.29472996245692,6.08021752990014,NA,NA
"2346",8,8,21.4437869100264,0.790961297890657,0.567031423182626,2.06708416548561,5.35273168905837,NA,NA
"2347",9,9,22.6984843877675,0.758106913105817,0.784329042373655,2.77912278041622,8.08805802941479,NA,NA
"2348",10,10,25.5543464818539,0.751746690148337,0.628138750767589,2.61493273293291,7.38289401514927,NA,NA
"2349",6,6,14.5837684683463,0.803765550526189,0.669761645690534,2.35648061579259,5.79617035019574,NA,NA
"2350",7,7,18.0302631406104,0.764126197296738,0.669624601695573,2.36711226859617,6.16378112913151,NA,NA
"2351",7,7,17.5200987565588,0.794038133214158,0.788082362103758,2.40725283835604,6.29051467299725,NA,NA
"2352",3,3,7.48566629814397,NA,0.831876351413526,2.39952316910044,5.86005898496898,NA,NA
"2353",1,1,NA,NA,NA,NA,NA,NA,NA
"2354",9,9,26.3994516740638,0.82695845470882,0.743020847596907,1.95192598280698,4.96517335499092,NA,NA
"2355",8,8,22.4142663385885,0.814160763673216,0.719663795136249,2.24646243622729,5.40063647880351,NA,NA
"2356",10,10,28.3553649362818,0.777218054162775,0.560913832936876,2.73900284517002,7.76794658430804,NA,NA
"2357",9,9,24.7688812815049,0.757504619472569,0.790530152982983,2.44423032901895,6.53707768339234,NA,NA
"2358",9,9,20.0720266154969,0.833897021155958,0.604983748294385,2.85423794302381,8.24281947624645,NA,NA
"2359",12,12,34.3091772412834,0.843169535243751,0.697492857803193,2.34158663566648,6.41594749101813,NA,NA
"2360",8,8,22.4712158720436,0.833037645883813,0.78293604566606,2.84414347855049,8.32175045362645,NA,NA
"2361",11,11,31.8847296264712,0.781273278289481,0.698784512659275,2.34862855901261,6.36753181979178,NA,NA
"2362",8,8,22.2625320678178,0.825146143552653,0.586953803628455,2.4285655985061,6.58774620221577,NA,NA
"2363",9,9,24.612543926447,0.811034921635167,0.677334850069313,2.16230245912758,5.80111895674813,NA,NA
"2364",5,5,12.2188659678851,0.95822311136872,0.479950111293221,2.65735116717653,7.4390531026359,NA,NA
"2365",8,8,20.1353277892523,0.768985471678226,0.71019613621346,2.2454096879855,5.83782226628704,NA,NA
"2366",6,6,14.7317300843177,0.927231793921642,0.638714980550384,2.30341151307933,6.40235341295422,NA,NA
"2367",10,10,27.5815843876375,0.825674547264704,0.622551934790009,2.63471257132512,7.35356165295411,NA,NA
"2368",9,9,24.4144785965455,0.825934814241906,0.726307114840262,2.59882103699175,7.21221191702453,NA,NA
"2369",9,9,30.3148072793756,0.881633042868688,0.525378466794947,2.67308159235192,7.36007672159494,NA,NA
"2370",9,9,29.4422511012338,0.88613810721937,0.551450817625348,2.45868621941802,6.63145169875172,NA,NA
"2371",7,7,22.3187930968233,0.892240532047687,0.70112850121758,2.98252230598279,9.01916369408961,NA,NA
"2372",9,9,24.5238777457548,0.863372690989049,0.642520819335681,2.58448214287099,7.4795616330894,NA,NA
"2373",9,9,23.142279824529,0.745645960984787,0.748581972141661,2.68453379254034,7.50588256545487,NA,NA
"2374",11,11,30.9280039183767,0.805621769242607,0.751141436296035,2.74676511448465,7.92791191767392,NA,NA
"2375",9,9,28.0586931751124,0.818311458505356,0.632640873545747,2.62288368998248,7.38643912822453,NA,NA
"2376",9,9,24.4144785965455,0.825934814241906,0.846633687592177,2.66009102556533,7.43463311704795,NA,NA
"2377",5,5,13.1253209964524,0.924420868890462,0.590879792212264,2.32701101699493,5.72597180858722,NA,NA
"2378",6,6,16.2535676057437,0.933917966446108,0.673855962757671,2.45290666917492,6.41534375536197,NA,NA
"2379",6,6,11.6207140410526,0.931014616272428,0.220348278037993,2.24512015895666,5.6204039837022,NA,NA
"2380",5,5,12.9253626419777,0.921159904088545,0.754628407189259,2.57043470674756,6.79397166259028,NA,NA
"2381",5,5,10.8349867580868,0.927695504890036,0.785225906626294,2.30316656272902,6.03170395380774,NA,NA
"2382",7,7,19.0559867829794,0.898851965682529,0.723175915292331,2.69494766721825,7.72472743012774,NA,NA
"2383",7,7,22.0249796672159,0.892864819767594,0.65931141435287,2.53002134857677,7.08006595350123,NA,NA
"2384",7,7,22.0249796672159,0.892864819767594,0.703266411958532,2.77658365743188,7.81175326198982,NA,NA
"2385",8,8,24.2587029376503,0.887155309850084,0.537130898625076,2.77569718001751,7.97240512119226,NA,NA
"2386",7,7,22.0249796672158,0.892864819767594,0.781130688443538,2.80400224738682,8.02886565496026,NA,NA
"2387",7,7,15.2547995766603,0.920656678989284,0.518345374942596,2.94082592113873,8.78764667873461,NA,NA
"2388",5,5,14.378580938584,0.936064813400063,0.694854447668451,2.38807938770634,6.06323551783402,NA,NA
"2389",8,8,17.3571925506634,0.915391847257736,0.551971824221652,2.70416583087707,7.63640597520033,NA,NA
"2390",9,9,24.231898593596,0.879782066677228,0.718867248659417,2.93451342952759,9.5056784104352,NA,NA
"2391",9,9,20.2893480619011,0.835125568841499,0.537851044748312,2.37379982054037,6.69006742668869,NA,NA
"2392",8,8,22.0148507024168,0.87021896486644,0.823935461358979,2.87890803204636,9.00147550493438,NA,NA
"2393",9,9,26.3934194673531,0.851973704314724,0.682330740286383,2.14216852183179,5.82443709798155,NA,NA
"2394",8,8,25.046954976904,0.899462635820898,0.823866723567627,2.82338108245862,8.84757292827318,NA,NA
"2395",9,9,26.1154328766431,0.848578893362041,0.858976305354015,2.86443982382985,8.98961938357288,NA,NA
"2396",9,9,26.3934194673531,0.851973704314724,0.569182816596655,2.44870740530737,6.65436806480268,NA,NA
"2397",10,10,29.9349880359631,0.851215333846232,0.804625542745759,2.5348106502379,7.45850566756541,NA,NA
"2398",3,3,7.48566629814397,NA,0.961995694582756,2.45225443885551,6.0422323363629,NA,NA
"2399",1,1,NA,NA,NA,NA,NA,NA,NA
"2400",6,6,13.4460985056663,0.859500198798966,0.697434087411235,2.54278974697085,6.86504641193336,NA,NA
"2401",3,3,7.58983161234076,NA,0.652743981610032,2.11586122122701,5.14230217649493,NA,NA
"2402",5,5,10.4724917025932,0.972719564196051,0.648570397152174,1.222819125471,2.75048267785323,NA,NA
"2403",6,6,13.5157998707513,0.903327017341742,0.582889250879842,2.99402427766759,9.36599391120396,NA,NA
"2404",4,4,7.04172898073965,1,0.716443804082802,2.23899106652249,5.96536894395924,NA,NA
"2405",3,3,7.50954533332371,NA,0.935696130108654,2.03060038049653,4.85928714888623,NA,NA
"2406",4,4,1.55692727580305,1,0.642001903831875,2.2556695531637,5.97852752055043,NA,NA
"2407",5,5,12.2266195756691,0.972930155016575,0.875291348142426,2.84046348132028,8.20784728865324,NA,NA
"2408",3,3,7.61249485480805,NA,0.95130683580489,2.41385753852942,5.91019610358333,NA,NA
"2409",6,6,14.8002249378065,0.925532388330763,0.693104128400789,2.01300458713087,4.67498368414872,NA,NA
"2410",6,6,14.8002249378065,0.925532388330763,0.815553214335782,2.07284325546642,4.67733581250101,NA,NA
"2411",6,6,14.8002249378065,0.925532388330763,0.778889896435989,2.32473447598908,5.62560518293398,NA,NA
"2412",8,8,20.512674406762,0.872217941164174,0.699654478341392,2.48351596369678,6.46239652401709,NA,NA
"2413",9,9,26.1913468998459,0.877754805483612,0.443186928964609,2.50636497995244,6.75272184897908,NA,NA
"2414",6,6,14.7016541091115,0.923815472661703,0.727347388290804,2.58073264603327,6.93229448770394,NA,NA
"2415",4,4,6.90357104648267,1,0.802400574428289,2.28764899625801,5.76756954603025,NA,NA
"2416",4,4,6.90357104648266,1,0.910555405219161,2.51937446319327,6.43758665590654,NA,NA
"2417",9,9,25.2245480688063,0.869358540210672,0.556873764217417,2.90384062522297,8.6808616213589,NA,NA
"2418",8,8,20.7093236341432,0.88516822681351,0.576755559935175,2.65783565409075,7.89584749136671,NA,NA
"2419",8,8,23.0346747944129,0.847666571481436,0.685236191481059,2.73187996444903,8.03625011130132,NA,NA
"2420",7,7,19.5830624424365,0.877919609690159,0.488304856332149,3.06071359285786,9.4590190068269,NA,NA
"2421",9,9,24.2393155604373,0.808402020359667,0.621554488211667,3.11483945583721,9.98243173001812,NA,NA
"2422",5,5,10.2977291756264,0.937569446662467,0.594965648002865,2.95734240930683,8.81007984051852,NA,NA
"2423",8,8,19.8295926256779,0.799898748346798,0.643564787431405,2.44657479268803,6.42536132793962,NA,NA
"2424",7,7,19.2177677725375,0.85516399508533,0.552737533348212,2.72702565018223,7.76416154203286,NA,NA
"2425",9,9,22.6984843877675,0.758106913105817,0.882107073647126,2.75391836604563,7.78743584802754,NA,NA
"2426",8,8,21.4437869100264,0.790961297890657,0.7719906128384,2.54959798078879,7.01164291979503,NA,NA
"2427",10,10,25.5543464818539,0.751746690148336,0.55747452845907,2.66466853080778,7.74081217812814,NA,NA
"2428",8,8,21.4437869100264,0.790961297890658,0.754747255791919,2.45655859046151,6.6478049288187,NA,NA
"2429",9,9,22.7462802464865,0.757506396522842,0.763383880070102,2.73846056520238,7.89028401401846,NA,NA
"2430",9,9,22.7462802464865,0.757506396522842,0.715906308116816,2.73803996407975,7.83011550703819,NA,NA
"2431",9,9,20.0963769024136,0.760586045177365,0.367562770343072,2.73493605748968,7.6079124001994,NA,NA
"2432",9,9,24.4817020850399,0.757904506189949,0.671096033292566,2.42939410862068,6.39035111709828,NA,NA
"2433",8,8,21.7101097904913,0.841295754119359,0.52456326254625,2.51108042362797,6.69026072102122,NA,NA
"2434",8,8,21.1328201136401,0.917336344278687,0.651117360485752,2.82537478351274,8.2722694178611,NA,NA
"2435",8,8,19.9301478419962,0.823751048956987,0.698438579954055,2.70621948855434,7.64298478500888,NA,NA
"2436",8,8,24.0969117267263,0.864739984499818,0.796266051225704,2.12549146450555,5.55657721597143,NA,NA
"2437",9,9,23.5922597228757,0.816142267532595,0.69044519803763,2.51970683847674,7.01679182425066,NA,NA
"2438",11,11,31.8847296264711,0.781273278289481,0.443394026798481,2.38597901327985,6.47224942499756,NA,NA
"2439",7,7,16.3762234882072,0.81050103042366,0.690659398645897,2.78680842494999,8.10456352354767,NA,NA
"2440",9,9,23.6220303036766,0.760769400568195,0.659182325217559,2.27367656859505,6.56792130089488,NA,NA
"2441",7,7,18.2775506950325,0.801180962443893,0.635598286261924,2.76123212575046,7.8880490274724,NA,NA
"2442",8,8,21.4336163091143,0.868620833511466,0.599973080979401,2.37568090742243,6.41093489302982,NA,NA
"2443",6,6,16.8679155733646,0.904370023213306,0.378764954963763,2.64185352962889,7.07788411936814,NA,NA
"2444",5,5,11.7553740098176,0.977117915545995,0.624466225949474,2.66541834811783,7.14785213116195,NA,NA
"2445",4,4,6.90357104648267,1,0.964222933382957,2.53628570330662,6.5893174850667,NA,NA
"2446",4,4,6.90357104648266,1,0.918135003244672,2.56356989223762,6.6430089148272,NA,NA
"2447",4,4,6.90357104648267,1,0.843730311670537,2.47909650242191,6.45974707584442,NA,NA
"2448",4,4,6.90357104648267,1,0.792383649024578,2.39270938347501,6.12739230183066,NA,NA
"2449",4,4,6.90357104648266,1,0.653233495831063,2.28028433503962,5.53332715098751,NA,NA
"2450",4,4,6.90357104648267,1,0.653860951920752,2.22400437351352,5.60836937514269,NA,NA
"2451",4,4,6.90357104648266,1,0.475973757567257,2.05161847198052,4.65090718315332,NA,NA
"2452",4,4,6.90357104648267,1,0.702678215953516,2.31741079643976,5.8221178667325,NA,NA
"2453",4,4,6.90357104648266,1,0.389465363961996,2.06689068299578,4.63579568248995,NA,NA
"2454",5,5,11.7826393533193,0.920925272960509,0.613093384325221,2.15639360677757,5.01763336695825,NA,NA
"2455",4,4,6.90357104648266,1,0.559208299573486,2.02165513721818,4.73250607662979,NA,NA
"2456",7,7,18.674358282198,0.827860024829316,0.472350292726405,2.10743268623868,5.04020914577821,NA,NA
"2457",3,3,7.48566629814397,NA,0.825847029877806,2.38007030205173,5.8150802961802,NA,NA
"2458",3,3,7.48566629814397,NA,0.69383968130879,2.26229043509272,5.53024252718929,NA,NA
"2459",2,2,NA,NA,NA,0.763675323681471,1.62,NA,NA
"2460",2,2,NA,NA,NA,1.77267382982632,3.76040905770635,NA,NA
"2461",2,2,NA,NA,NA,0.581980889865471,1.23456790123457,NA,NA
"2462",2,2,NA,NA,NA,1.25544190085667,2.66319444444445,NA,NA
"2463",2,2,NA,NA,NA,1.73169007637522,3.6734693877551,NA,NA
"2464",3,3,7.48566629814397,NA,0.802361745040338,1.38311497643796,2.67079690497227,NA,NA
"2465",2,2,NA,NA,NA,1.73169007637522,3.6734693877551,NA,NA
"2466",3,3,7.48566629814397,NA,0.796481138506995,1.53257653210576,3.08536646948379,NA,NA
"2467",3,3,7.31859766507766,NA,0.713410801747957,1.79700100259361,3.81756358554246,NA,NA
"2468",4,4,6.90357104648267,1,0.681851137929041,1.95731206070266,4.60252154013186,NA,NA
"2469",3,3,7.48566629814397,NA,0.926583177043644,2.40465293313211,5.89375898619201,NA,NA
"2470",4,4,6.90357104648267,1,0.919289636090963,2.35827179182141,5.87343441705655,NA,NA
"2471",4,4,6.90357104648267,1,0.953710092895174,2.43057150031189,6.03011408854064,NA,NA
"2472",4,4,6.90357104648266,1,0.909558958772276,2.32833677809403,5.68801897550626,NA,NA
"2473",4,4,6.90357104648267,1,0.745580731136643,2.23227984389767,5.57232496976091,NA,NA
"2474",4,4,6.90357104648267,1,0.88010309669608,2.21120029578146,5.14796164131709,NA,NA
"2475",5,5,10.3913423937632,0.909302044639254,0.650683903004781,2.06471061849918,5.26748221392111,NA,NA
"2476",4,4,6.85044710378377,1,0.829385250322125,2.19708225757985,4.8688766397286,NA,NA
"2477",3,3,6.96530066522567,NA,0.843544058251651,2.33177844251706,5.59277609976407,NA,NA
"2478",3,3,7.48566629814397,NA,0.97544598301971,2.47190623512487,6.11311996378677,NA,NA
"2479",3,3,6.96530066522567,NA,0.923125340397322,2.34663900542975,5.59164809822836,NA,NA
"2480",4,4,6.90357104648267,1,0.635132287407418,1.95263428081622,4.78800402877372,NA,NA
"2481",3,3,6.96530066522567,NA,0.961988846925316,2.48566862657345,6.19435513393864,NA,NA
"2482",4,4,6.90357104648267,1,0.621732543276078,1.82446674286945,4.40991079448872,NA,NA
"2483",5,5,10.8145307243105,0.907127006205168,0.647599416241668,2.1495535798423,4.88007118796802,NA,NA
"2484",4,4,6.90357104648266,1,0.437850266320523,2.11541447981612,4.81279226071914,NA,NA
"2485",4,4,6.90357104648267,1,0.759915869077678,2.26012707865497,5.41428103168971,NA,NA
"2486",4,4,6.90357104648267,1,0.299396545372564,2.0307962295487,4.37016478638273,NA,NA
"2487",4,4,6.90357104648267,1,0.493025077585465,2.0649632245265,4.73135498648113,NA,NA
"2488",4,4,6.90357104648266,1,0.861062213973594,2.41311089884616,5.88887787844877,NA,NA
"2489",5,5,10.3913423937632,0.909302044639254,0.364701002709492,2.17465372101835,5.21399509099347,NA,NA
"2490",4,4,6.7981401878045,1,0.825588931896151,2.14775913368676,4.80373176498226,NA,NA
"2491",8,8,22.9445619991414,0.857939575828584,0.404110594252869,2.71906567494071,7.71455988831572,NA,NA
"2492",3,3,7.48566629814397,NA,0.874436779817642,2.39339292509695,5.85614741847858,NA,NA
"2493",4,4,6.90357104648266,1,0.817519612931578,2.43836731196385,6.31683863955168,NA,NA
"2494",4,4,6.90357104648267,1,0.77829549894632,2.52686189239873,6.5422201369526,NA,NA
"2495",2,2,NA,NA,NA,1.21074169430277,2.56837098692033,NA,NA
"2496",2,2,NA,NA,NA,1.46659184246099,3.11111111111111,NA,NA
"2497",2,2,NA,NA,NA,1.21905743750876,2.58601134215501,NA,NA
"2498",2,2,NA,NA,NA,1.08187337521542,2.295,NA,NA
"2499",2,2,NA,NA,NA,0.811729723300882,1.7219387755102,NA,NA
"2500",2,2,NA,NA,NA,0.940671152598884,1.99546485260771,NA,NA
"2501",2,2,NA,NA,NA,1.98873782208716,4.21875,NA,NA
"2502",3,3,7.48566629814397,NA,0.834384679108302,1.23801221773917,2.47086032093708,NA,NA
"2503",2,2,NA,NA,NA,1.6830310163779,3.5702479338843,NA,NA
"2504",3,3,7.48566629814397,NA,0.886915269907973,1.43840772476844,3.23953486994141,NA,NA
"2505",3,3,7.48566629814397,NA,0.730539759990555,2.31437853115013,5.66956610038786,NA,NA
"2506",5,5,10.3913423937632,0.909302044639254,0.614855047177671,2.50867509002763,6.46003740273802,NA,NA
"2507",4,4,6.90357104648266,1,0.78571802134948,2.21183385292468,5.5399058901091,NA,NA
"2508",4,4,6.90357104648266,1,0.858482496180799,2.46005076647315,6.24638022078101,NA,NA
"2509",13,13,32.5431139159713,0.754219044627035,0.535693961708797,2.23544346742599,5.45557330556854,NA,NA
"2510",14,14,31.3747262651766,0.745847481703419,0.74674691814744,2.60904194840806,7.85688178483346,NA,NA
"2511",13,12,29.3580475176158,0.777181980639079,0.631758321833675,3.65561188741405,13.6764288108091,"Zero distance(s)",NA
"2512",14,14,30.912238770466,0.764304821595505,0.68662070726799,3.43472483695352,12.857453002483,NA,NA
"2513",15,15,36.1516990731912,0.636014300204051,0.637125392394636,2.61372615181957,8.01489672557218,NA,NA
"2514",8,8,22.1917824935283,0.80959752530545,0.363429312364741,1.7688470088679,3.90046107146089,NA,NA
"2515",7,7,19.3762608428999,0.877919957733032,0.633080337980062,1.48300244945257,3.94440959696065,NA,NA
"2516",3,3,7.48566629814397,NA,0.990022446265015,2.36022586272795,5.62042826539936,NA,NA
"2517",4,4,8.50498692922886,1,0.600174846013585,1.29238349307053,3.12640717484137,NA,NA
"2518",4,4,7.79397251506509,1,0.600401475923149,2.26590094490661,5.46430908233109,NA,NA
"2519",3,3,7.48566629814397,NA,0.540089251444611,1.92251266923467,4.42510078368423,NA,NA
"2520",2,2,NA,NA,NA,1.17851130197758,2.5,NA,NA
"2521",3,3,7.48566629814397,NA,0.733563174541783,2.13613790372457,5.15977122173178,NA,NA
"2522",1,1,NA,NA,NA,NA,NA,NA,NA
"2523",6,6,12.3480350698946,0.770681083471666,0.495536223321968,1.39106558776342,3.14692519867044,NA,NA
"2524",3,3,7.49380881959227,NA,0.680335485135514,2.12287905364628,5.11664449149879,NA,NA
"2525",3,3,7.48566629814397,NA,0.811211587053906,2.3383283684264,5.69457559328439,NA,NA
"2526",1,1,NA,NA,NA,NA,NA,NA,NA
"2527",3,3,7.48566629814397,NA,0.953002776536219,2.35979061346139,5.66552644566375,NA,NA
"2528",2,2,NA,NA,NA,1.59099025766973,3.375,NA,NA
"2529",3,3,7.48566629814397,NA,0.961995694582756,2.36853100705671,5.69634445523044,NA,NA
"2530",3,3,7.48566629814397,NA,0.829769236049398,2.40852226012743,5.90814035497602,NA,NA
"2531",1,1,NA,NA,NA,NA,NA,NA,NA
"2532",3,3,7.43715281776208,NA,0.911121205915278,1.08449144859393,2.29033848239377,NA,NA
"2533",3,3,7.67202885107698,NA,0.467173551730681,1.70570383151424,3.62992434379254,NA,NA
"2534",4,4,8.00136522708743,1,0.832489023906166,2.04022444412396,4.55565101843407,NA,NA
"2535",5,5,11.4425606612932,0.974417471295462,0.748764992284222,2.05867071036909,4.89643343503576,NA,NA
"2536",4,4,6.50824602570567,1,0.923141022616733,2.32586977001949,5.82500201735769,NA,NA
"2537",4,4,4.80035279420543,1,0.725686997681228,2.21943291514996,5.25364961100873,NA,NA
"2538",8,8,21.2774223487006,0.818011861029378,0.505552170329592,2.42241601238225,6.07698522009977,NA,NA
"2539",5,5,12.334518703718,0.980677590875259,0.555060879623995,2.56875314969357,6.83716496806908,NA,NA
"2540",4,4,4.80035279420543,1,0.648090441076007,2.33396795195614,5.66544549546151,NA,NA
"2541",5,5,11.7830280803603,0.978930481989532,0.844142255523454,2.45359169331504,6.47473982417348,NA,NA
"2542",8,8,20.5319809475337,0.832792188888852,0.621698769649694,2.46659907467192,6.70430902426992,NA,NA
"2543",8,8,20.2893844273177,0.867002322193724,0.45661008423159,2.31198772244196,5.81155993371888,NA,NA
"2544",8,8,19.0226919052346,0.793256649407422,0.558222757404875,2.54438454752627,6.66468216723613,NA,NA
"2545",10,10,25.4469241935309,0.804696756846084,0.509916215694322,2.55363350297294,6.84401540363346,NA,NA
"2546",6,6,13.8001702816697,0.898434542728452,0.69412919327394,2.2723511142726,5.68666590064785,NA,NA
"2547",9,9,18.2362587875175,0.808092067044345,0.677861122918299,2.48390820177396,7.41962023724367,NA,NA
"2548",10,10,23.4700172190255,0.806585340932391,0.621873194619529,2.45798770892512,7.01703459085287,NA,NA
"2549",11,11,25.2038564010714,0.790613696399496,0.586388540820047,2.28879611491064,6.44613210583279,NA,NA
"2550",5,5,9.34503003282375,0.969766536872221,0.587394985334067,2.34366071939915,6.2354779675457,NA,NA
"2551",6,6,11.5596922020731,0.882255255210773,0.675610054459847,2.45935304562236,6.58249114310932,NA,NA
"2552",7,7,15.5822041110299,0.826247777878349,0.392261889597355,2.14111445484891,4.99402607089247,NA,NA
"2553",6,6,13.7983416408257,0.963490648117564,0.49393877198337,2.37758000152956,6.40148479192052,NA,NA
"2554",3,3,7.67202885107698,NA,0.871138621844051,2.29572618677813,5.44950814599666,NA,NA
"2555",6,6,15.7319155934304,0.872971523045173,0.838477501957456,2.12051990873615,5.13034260274134,NA,NA
"2556",6,6,16.7418688644486,0.920816495828025,0.706232325693596,2.42221464241053,6.51946905576738,NA,NA
"2557",8,8,20.9538034068626,0.804105094735102,0.718399968695264,2.6118351725068,7.20226252103024,NA,NA
"2558",6,6,14.2251987057817,0.861395151201982,0.723151974536839,1.98024074932527,4.75661845272947,NA,NA
"2559",10,10,24.440048052017,0.762341420678184,0.562997300987348,2.28505234597682,6.32945845572133,NA,NA
"2560",11,11,27.9959306924586,0.75834401324877,0.478357334256156,2.30553726899826,6.49307967606039,NA,NA
"2561",6,6,13.2716456901744,0.873827754442832,0.214151338569278,2.08062977912398,5.25438087766652,NA,NA
"2562",9,9,20.7215047982744,0.82609316718479,0.510268784051215,1.94134523889396,5.04180329217141,NA,NA
"2563",5,5,11.3076194022585,0.913602888052334,0.591241839959264,2.38081172647214,6.14340643660754,NA,NA
"2564",6,6,13.885948777052,0.868481248163321,0.798716591484315,1.8368493137335,4.37785935493563,NA,NA
"2565",4,4,7.57971008812764,1,0.880406369283197,1.86221658142902,4.0233161101018,NA,NA
"2566",6,6,16.772396083525,0.914768373734161,0.750662522628226,2.37857337150813,6.23858445462731,NA,NA
"2567",7,7,17.8994586384522,0.854808678746693,0.466243588098839,2.43431456764555,6.38019930877921,NA,NA
"2568",6,6,16.7418688644486,0.920816495828025,0.807341773205187,2.78697485220767,7.9793433657554,NA,NA
"2569",6,6,11.7896154202556,0.879838488998827,0.705917671569817,2.53921208240488,6.94651350926529,NA,NA
"2570",5,5,9.66084977023956,0.954818598456989,0.812455291585287,1.56960028509914,3.65086928399201,NA,NA
"2571",5,5,9.91874040734941,0.880421781804173,0.507380425099984,1.92392283660146,4.21458683134979,NA,NA
"2572",5,5,10.7263517917867,0.975026613028615,0.646834856670737,1.77350641032749,3.91153790820441,NA,NA
"2573",6,6,16.7418688644486,0.920816495828025,0.691946964371691,2.61086479695485,7.02820499418254,NA,NA
"2574",12,12,37.0698933327232,0.801080598185439,0.585224031515604,2.38698947530414,6.42238879524191,NA,NA
"2575",12,12,34.4249910952397,0.819571490404802,0.515653495295783,1.38917149316513,3.13485578237813,NA,NA
"2576",16,16,43.7262244793878,0.759436545495804,0.675954963782457,2.67959032835613,7.76555287442329,NA,NA
"2577",11,11,29.8196560247918,0.802069087845382,0.503735158099902,2.4821816423511,6.75087740663849,NA,NA
"2578",13,13,36.7726995243733,0.799961337512262,0.782853110155332,1.33983128189599,3.6154133540168,NA,NA
"2579",13,13,36.5365349986477,0.767738070239964,0.771257052325905,1.39722207448329,3.89944175011289,NA,NA
"2580",11,11,32.2381389753601,0.818594805487287,0.763922873331613,1.15728057895513,2.9644196326316,NA,NA
"2581",15,15,41.1814796464278,0.767154702859635,0.648300998447905,2.6174393760406,7.52058115821513,NA,NA
"2582",12,12,38.4952807744816,0.823280690372252,0.434733780922592,1.51745430826261,3.57158773867903,NA,NA
"2583",10,10,32.2498724025507,0.844911161759696,0.566646813680745,1.9300093080488,4.70167819552322,NA,NA
"2584",15,15,41.1814796464278,0.767154702859635,0.709597977747088,2.51577931062914,6.58848535970429,NA,NA
"2585",13,13,40.2564841583572,0.791416100550953,0.462946141877409,1.64791024995407,3.57366153486202,NA,NA
"2586",9,9,26.3015291552897,0.85295075491837,0.468731351804036,1.67127416626066,4.19209169947438,NA,NA
"2587",13,13,34.7829981297076,0.801915763658221,0.680168069233933,2.20077476812449,5.6871482440633,NA,NA
"2588",8,8,19.8221126007819,0.87617700406886,0.358602859710657,0.403564982158487,0.845238684216624,NA,NA
"2589",12,12,30.5256133406101,0.794067939625611,0.578621341483181,1.96703736348529,4.95843246512664,NA,NA
"2590",13,13,34.6857536129591,0.779020889573172,0.697167952737549,2.09163503588112,5.14585881951096,NA,NA
"2591",11,11,32.5578413097362,0.78915074320331,0.442275389486869,0.361151160659954,0.788495687804317,NA,NA
"2592",6,6,10.9570391737328,0.95381983957955,0.686826773507589,2.31365607276486,5.95088686508914,NA,NA
"2593",10,10,26.7880344743636,0.830624195229285,0.612113728358176,1.42354883383314,3.33643705210563,NA,NA
"2594",9,9,26.3015291552897,0.85295075491837,0.765392279032023,1.79807520620941,3.837067169091,NA,NA
"2595",12,12,38.371655618405,0.845394598004788,0.596356470095968,2.17217929081332,5.38941335412087,NA,NA
"2596",10,10,31.6609611146523,0.809974831706321,0.503539337928028,0.990510428090484,2.36734855787161,NA,NA
"2597",9,9,26.3015291552897,0.85295075491837,0.752083891175405,2.15465960405107,5.6328895807295,NA,NA
"2598",9,9,25.2587662457977,0.87118283747448,0.479162507368016,1.17498267333648,2.57383585959705,NA,NA
"2599",8,8,21.9295477983419,0.869025963943958,0.379688986017688,0.657172770724823,1.61639359512857,NA,NA
"2600",12,12,27.7570556354087,0.827261509475376,0.740039826608237,2.54592516416289,6.98895882289969,NA,NA
"2601",18,18,34.8423199962712,0.752644442415756,0.67325880186778,2.80695962566584,8.6187060530416,NA,NA
"2602",13,13,29.0770260002937,0.871480597796369,0.549582367627247,2.5006096400115,6.8137183392228,NA,NA
"2603",12,12,32.8353707545533,0.83890233876231,0.532404646906014,2.10410239825167,5.37755099432884,NA,NA
"2604",14,14,33.6641152978385,0.784363406625801,0.641988686236708,2.09134169696712,4.99413086929876,NA,NA
"2605",9,9,24.2572551335627,0.851213232687574,0.610250834114467,1.8608720463731,5.05298923422571,NA,NA
"2606",11,11,26.9380723329016,0.805800187669834,0.502200244184111,2.17244001211548,5.66268511454103,NA,NA
"2607",16,16,39.3897039247104,0.769937241022476,0.643252745991454,2.23727856247828,6.5902672097464,NA,NA
"2608",13,13,30.7185262086194,0.841492745643581,0.627636813051354,1.9850446811366,5.17570849448118,NA,NA
"2609",12,12,28.3038956505505,0.845063226685902,0.653807057634793,1.97074144934907,5.18825372837331,NA,NA
"2610",14,14,29.6704017946259,0.790069883311761,0.603546727990485,3.12342865063928,10.1429604987962,NA,NA
"2611",15,15,33.9527203664609,0.76476733678752,0.637552797284407,2.67568798561317,7.73618781885296,NA,NA
"2612",11,11,24.3715422435683,0.813138357034038,0.794051189888335,1.74215500170317,5.85244920643002,NA,NA
"2613",13,13,26.5071999301886,0.782963707650804,0.703410520950822,2.57191639687991,7.59366052753878,NA,NA
"2614",11,11,22.9867603189006,0.852594817351577,0.694615000042891,2.58709866765246,6.98198689798124,NA,NA
"2615",16,16,39.689031534139,0.784686931153375,0.757892016419571,3.01401802334094,9.62047521645969,NA,NA
"2616",16,16,38.316023435711,0.801318949991801,0.783058452429782,3.21096493858598,10.7647065270234,NA,NA
"2617",13,13,22.6941430985118,0.781130908831234,0.652844789796454,2.94818751355382,9.13081507272923,NA,NA
"2618",13,13,29.2723938656832,0.772802132175808,0.614538915837426,1.88292042677902,5.23864051965532,NA,NA
"2619",17,17,37.9434908653407,0.750774401469141,0.758698152979794,1.83330891433706,5.69564438199208,NA,NA
"2620",10,10,28.5905096772678,0.870332989945024,0.878031033454629,3.31530798231488,11.1928961433562,NA,NA
"2621",15,15,32.808131290316,0.698566523850294,0.817129623748174,2.64059324821965,8.4,NA,NA
"2622",13,13,33.7731707475726,0.84820530456748,0.675003601806059,2.68194771981419,7.80064453537239,NA,NA
"2623",8,8,18.8417589353563,0.901507369355481,0.745621716504389,2.08171195667801,5.63200343179972,NA,NA
"2624",10,10,26.440085720672,0.858098964997976,0.814029132714171,2.41935598793056,6.75985857181112,NA,NA
"2625",10,10,27.3048831828409,0.822302370131739,0.894911520287802,2.74079006464106,8.1,NA,NA
"2626",13,13,27.0797875818005,0.82594772613147,0.872771030092362,2.97931674750676,9.23477901612681,NA,NA
"2627",10,10,23.1404929269277,0.876509011739411,0.693615403441073,2.92337857761246,8.8767133252134,NA,NA
"2628",11,11,18.6550907683138,0.819811255840963,0.616801484717833,1.79452403311561,4.95704188011161,NA,NA
"2629",13,13,31.1794627828129,0.736852383480619,0.736370272502868,2.85740194936575,9.20147792889026,NA,NA
"2630",15,15,30.7424787516401,0.721878026276334,0.567236685214201,3.04265292463735,10.3550552021972,NA,NA
"2631",14,14,29.9099279121924,0.761594736127276,0.622028590056432,3.16132064104207,10.8401543714912,NA,NA
"2632",11,11,18.9205633060684,0.802862194225864,0.65552870287592,2.47065041875453,7.00676464262664,NA,NA
"2633",6,6,10.1137815247581,0.907656093685423,0.760156367556265,2.30708407276271,6.05946034763605,NA,NA
"2634",8,8,19.2880118519221,0.872021501175887,0.625605102149488,2.82983947442863,9.00288260095557,NA,NA
"2635",9,9,18.0778627601616,0.896682806940535,0.593779915277381,1.80222595919831,5.2372722152387,NA,NA
"2636",7,7,15.7392863940846,0.919897994706494,0.669892669714062,2.17680892136062,5.9153490324597,NA,NA
"2637",8,8,18.2897491949254,0.82967868350235,0.575246829385259,2.12908043440908,5.53706341844459,NA,NA
"2638",7,7,13.1395029265754,0.876336303968088,0.488431209981479,1.37631086184736,2.92643871270854,NA,NA
"2639",11,11,25.7347897919769,0.792567912605398,0.707020378025762,2.08660821205187,6.21501570836445,NA,NA
"2640",9,9,19.1946158201873,0.833929385510207,0.732930352059561,2.39796929310823,7.07971271993784,NA,NA
"2641",9,9,23.1324386923998,0.84492392538706,0.546025025024116,2.35304783330234,6.56927121801725,NA,NA
"2642",10,10,19.0396295740771,0.824115377856788,0.584936358900185,2.12409414932523,5.82744198173855,NA,NA
"2643",9,9,17.0300111874702,0.832213581373413,0.326344454330538,1.92357840254878,4.71473817394749,NA,NA
"2644",9,9,17.927301670926,0.85389369351245,0.655545801674803,2.09515747157185,5.00629820951838,NA,NA
"2645",8,8,16.4208903804345,0.860470634234528,0.3175999641735,1.95925073978099,4.78952662499213,NA,NA
"2646",12,12,28.6793264847337,0.815408157864464,0.511320448943376,1.97405585199918,5.17331250035813,NA,NA
"2647",13,13,29.7028382172825,0.757767557061795,0.482083288114204,2.02752627827814,5.52646194308434,NA,NA
"2648",11,11,23.4231800306488,0.798992906852744,0.561454022493069,2.27424644073412,6.64131812874953,NA,NA
"2649",14,14,27.6796628662288,0.709517377592861,0.647787288940052,2.50621519967583,7.1139987229977,NA,NA
"2650",15,15,35.2650884192154,0.712214165092996,0.512912431769106,2.29197667716887,6.30286709981583,NA,NA
"2651",14,14,28.2716569330468,0.726631150425203,0.580463293621375,2.51564339048816,7.51345003315809,NA,NA
"2652",13,13,27.4896195913448,0.780073582459004,0.605715244330071,2.5422067928548,7.53148288471098,NA,NA
"2653",11,11,23.7958153021887,0.809117923085653,0.582869091954877,2.75760596359388,8.42534109978377,NA,NA
"2654",12,12,26.2342595953054,0.788072528199904,0.73293069166241,3.06648016687357,10.177326894558,NA,NA
"2655",10,10,20.5525066244419,0.804624347101586,0.497265003665899,2.57690983725622,7.18903322526082,NA,NA
"2656",13,13,28.2900803956863,0.758566774189301,0.556088520267724,2.9883456457127,9.4609387317017,NA,NA
"2657",11,11,22.4048372381192,0.806759587271102,0.664021233016689,2.70376411409873,7.96682411800113,NA,NA
"2658",4,4,8.56261846866262,1,0.786551594270664,2.11447254011897,4.71480373856139,NA,NA
"2659",5,5,11.0075261303641,0.996898846629938,0.738056610170164,2.77630941424254,7.79843258113675,NA,NA
"2660",5,5,10.8440118868473,0.987001411494587,0.804388823787294,2.35172425171287,5.89526708353623,NA,NA
"2661",6,6,14.7200262655868,0.943142042054275,0.687747230465095,2.47978717318872,6.52144107291723,NA,NA
"2662",7,7,18.5966321294987,0.861239717263128,0.66212938630789,2.78720189151041,8.05324150886357,NA,NA
"2663",5,5,14.0193405543575,0.921349814315241,0.83710700200117,2.45377183361888,6.452523384781,NA,NA
"2664",2,2,NA,NA,NA,0.88082505614933,1.86851211072664,NA,NA
"2665",5,5,9.57415657736718,0.898133232005062,0.688052628600684,2.80849708061482,7.93084825954479,NA,NA
"2666",5,5,9.57415657736717,0.898133232005062,0.591903694144133,2.25118203769453,5.33208511365774,NA,NA
"2667",5,5,9.57415657736716,0.898133232005061,0.710084239714775,2.53225772199555,6.77007489568648,NA,NA
"2668",4,4,8.05352832451972,1,0.652663495885393,1.8924919323252,4.65451844576017,NA,NA
"2669",6,6,16.8524746261896,0.916499943139511,0.707971635659445,2.7426458287306,8.09332922363036,NA,NA
"2670",9,9,22.6785217210055,0.791729870235941,0.705368781389119,2.65218479461079,7.27425926055039,NA,NA
"2671",6,6,14.0902988003518,0.88339862430842,0.655015918658198,2.43173124601643,6.412679095994,NA,NA
"2672",10,10,27.0036315303195,0.73160572358378,0.691441547527891,2.41385333985898,6.77795191978774,NA,NA
"2673",8,8,22.9434007058174,0.834565357423759,0.637076825096786,2.36137449595466,6.33485280270433,NA,NA
"2674",5,5,12.8032039603507,0.973419230994926,0.859364343192552,2.53679752714429,6.81482924162228,NA,NA
"2675",3,3,7.16343759915741,NA,0.962394063056539,2.29543864575552,5.59260308790389,NA,NA
"2676",6,6,11.3067142614458,0.843160782546992,0.663958922995188,2.5973354418592,6.93622074403231,NA,NA
"2677",5,5,11.1277240887297,0.903556565927492,0.760483705014204,2.01926027585069,5.31981757499546,NA,NA
"2678",3,3,7.54514701027895,NA,0.920408934982573,1.37420027460338,2.93910699042433,NA,NA
"2679",5,5,11.1277240887297,0.903556565927492,0.699573823848965,2.08370908170444,5.63601080804009,NA,NA
"2680",4,4,8.05352832451971,1,0.888106317643113,2.59859766876906,6.76691045584615,NA,NA
"2681",5,5,10.6363982233772,0.933344970636108,0.442261996317468,2.5823432084133,6.80404342495107,NA,NA
"2682",6,6,14.8258894041771,0.883073044645861,0.723876265856723,2.61717511424105,7.06203095767865,NA,NA
"2683",3,3,7.76653211764376,NA,0.856572236817622,2.34900564222411,5.64163989834239,NA,NA
"2684",7,7,16.5159878493194,0.847155754033369,0.539958479533692,2.53325128664845,6.77922035750307,NA,NA
"2685",4,4,8.05352832451971,1,0.492685664021831,2.23002554441507,5.42588708016925,NA,NA
"2686",6,6,15.1588455521583,0.879729902033219,0.652584512812996,2.56021685994973,6.65905840376336,NA,NA
"2687",8,8,17.1912154860093,0.757484287762656,0.643532855576217,2.06915002004277,5.30204351685663,NA,NA
"2688",5,5,10.6866108337851,0.857037300055946,0.46099619777763,2.31741930569736,5.65449575602959,NA,NA
"2689",5,5,10.3386829569852,0.927260513893538,0.712310106949897,2.04975019250105,4.92711780837206,NA,NA
"2690",3,3,7.76653211764376,NA,0.776063474828053,2.10069927276941,4.61374152648296,NA,NA
"2691",6,6,17.6552047653735,0.921186004080227,0.646503149857878,2.31548075187397,6.27898629361681,NA,NA
"2692",4,4,8.60873133710872,1,0.985118022774058,2.22209272322534,5.53650130013474,NA,NA
"2693",6,6,11.7223934763691,0.872871686470196,0.500800931501664,1.91362778454749,4.45130583450585,NA,NA
"2694",4,4,7.57606289314274,1,0.783546548606777,2.00809835104491,4.47376302187175,NA,NA
"2695",7,7,19.7873675072585,0.87746384988559,0.734382060113232,2.24576912769538,5.93057733106707,NA,NA
"2696",5,5,14.1267272377321,0.926786820431438,0.641824454883793,2.38212251871147,6.13255867547567,NA,NA
"2697",8,8,22.5750861614764,0.787407498546547,0.73641794232977,1.56736148672506,4.20176006959777,NA,NA
"2698",4,4,8.00258727265379,1,0.803763611295576,2.01771887451372,4.74163957185995,NA,NA
"2699",5,5,13.6353527024471,0.927681632903767,0.652351996193168,2.08840004761369,5.20503420166771,NA,NA
"2700",5,5,12.5730456427209,0.939092047127881,0.620816466156525,2.52537399865195,6.53431584803106,NA,NA
"2701",4,4,7.43735727088095,1,0.796883553375581,2.16336874586061,5.3262619461387,NA,NA
"2702",4,4,8.80631976312292,1,0.251729316170172,1.02127372183889,2.3754649047078,NA,NA
"2703",5,5,10.785769786922,0.999952969934686,0.409967260134247,1.35321996038987,3.47978761792123,NA,NA
"2704",7,7,13.5862315492304,0.776603587018743,0.756403012956408,1.98234698620928,4.65919704548449,NA,NA
"2705",3,3,7.67543996909177,NA,0.953201661430124,0.839459143222694,1.9091044186942,NA,NA
"2706",5,5,12.8956240992878,0.90691113543719,0.48379658503103,2.08222069749001,4.82171987159044,NA,NA
"2707",6,6,14.5010584254271,0.82576655759318,0.625734271614013,2.22363756726836,5.76307054917118,NA,NA
"2708",6,6,16.1392877068377,0.89768911966084,0.600206017254717,2.34167038320477,6.10648649740877,NA,NA
"2709",5,5,10.6780509487124,0.898456686247019,0.5083523782209,1.98497833863488,4.59059610421746,NA,NA
"2710",4,4,1.63589508060819,1,0.679449456587446,2.48716786552682,6.58508816986342,NA,NA
"2711",5,5,9.98732647768361,0.99627897024607,0.764080667767384,2.44908433279599,6.27714189226795,NA,NA
"2712",4,4,7.61281367175102,1,0.642673205986725,2.17132183439065,4.91251931807656,NA,NA
"2713",5,5,11.1517044892273,0.996579122206128,0.578741552469112,2.02442343099084,5.19393070590546,NA,NA
"2714",3,3,7.63345205295923,NA,0.832336859403335,2.1015486314578,4.69288706306073,NA,NA
"2715",5,5,11.6787305499737,0.908308412183535,0.526626400531677,1.54580273290337,3.42258717656435,NA,NA
"2716",6,6,14.6149037320447,0.910333325778872,0.537544322735076,1.73067787618575,3.95949979828507,NA,NA
"2717",6,6,13.4027402274586,0.83843584768354,0.654727358865094,2.33425959858067,5.93092205381164,NA,NA
"2718",8,8,19.2264732737976,0.731696970918233,0.666446048832662,2.35380329529956,6.07271680867462,NA,NA
"2719",3,3,7.67543996909177,NA,0.865334017476701,2.3524872486384,5.63754983171045,NA,NA
"2720",7,7,14.5542496613514,0.747205202053033,0.495125315981489,2.52203369144041,6.61873804161686,NA,NA
"2721",4,4,8.38297946347073,1,0.853883089157645,2.2328933784628,5.15609527411678,NA,NA
"2722",7,7,14.5542496613514,0.747205202053033,0.631948370034692,2.27702419450903,6.02474538227872,NA,NA
"2723",7,7,18.8583132794897,0.882779304163869,0.508425553649336,2.63050645130086,7.0700143640138,NA,NA
"2724",5,5,11.5176104184959,0.956513006769422,0.511147200529252,1.25158272046783,3.02799709618614,NA,NA
"2725",5,5,9.98732647768361,0.99627897024607,0.577782156610351,2.10232993733604,5.12105570848263,NA,NA
"2726",3,3,7.67543996909177,NA,0.94307447442999,2.23243981542898,5.32340427118187,NA,NA
"2727",5,5,9.97235242951169,0.996355276769742,0.686597054426336,2.73748126361279,7.54063518681475,NA,NA
"2728",4,4,7.18380289599784,1,0.518059044702995,2.08270696027621,4.95060662675144,NA,NA
"2729",8,8,18.8161747821801,0.804157722640371,0.467186906400609,2.38425561157828,6.03786273973676,NA,NA
"2730",5,5,9.97235242951169,0.996355276769742,0.567322408519924,2.26097592109215,6.08543842296265,NA,NA
"2731",5,5,9.9723524295117,0.996355276769742,0.670328680389245,2.50797650525527,6.85224612925124,NA,NA
"2732",5,5,8.86712766298566,0.997852706710038,0.679775393571714,2.49458968817747,7.55670002782548,NA,NA
"2733",5,5,8.86712766298565,0.997852706710038,0.718360388058576,2.49689169408072,7.2,NA,NA
"2734",3,3,6.84625471204854,NA,0.657614827600593,1.97894680165856,4.77480611202168,NA,NA
"2735",5,5,8.86712766298565,0.997852706710038,0.718360388058576,2.49689169408072,7.2,NA,NA
"2736",3,3,6.84625471204854,NA,0.564994281244483,1.70814594123123,4.1494652930547,NA,NA
"2737",4,4,6.26842976167489,1,0.529938280038411,2.29151653255436,6.35928351135414,NA,NA
"2738",3,3,6.62897652496479,NA,0.6635655259088,1.98295586776866,4.96580157808364,NA,NA
"2739",6,6,13.5992538844677,0.880941055335316,0.731306477096782,2.05685858322678,5.32779915821194,NA,NA
"2740",6,6,12.2122375346792,0.857172444418597,0.792511985066923,2.37637069028389,6.24553252116286,NA,NA
"2741",4,4,6.84419179471735,1,0.601081517871089,2.26476708542331,5.82493880780504,NA,NA
"2742",6,6,13.1228329336622,0.870991621231585,0.552847674454578,2.6568947767603,7.5538585932262,NA,NA
"2743",3,3,7.26274771268138,NA,0.96277201538053,1.1353845702464,2.52062610742749,NA,NA
"2744",4,4,5.79873022900702,1,0.870599271353013,2.06835419874072,4.58667920688294,NA,NA
"2745",5,5,12.0204636863856,0.986712510479762,0.686459099768215,1.87389941904885,4.62253561756589,NA,NA
"2746",4,4,3.524323652072,1,0.0616270952771686,2.39346320321568,6.11374698086478,NA,NA
"2747",6,6,14.8525628931324,0.936107302349814,0.281401434799445,2.23330908560214,5.31634880320905,NA,NA
"2748",4,4,5.79873022900702,1,0.903386980994529,2.2101912929911,4.93683090145233,NA,NA
"2749",6,6,15.6051725587997,0.979373989560559,0.555455089723403,1.36332876364185,3.42995524542514,NA,NA
"2750",6,6,11.268210708333,0.97620493072461,0.528845633114777,1.78234262850873,4.80156857518253,NA,NA
"2751",6,6,12.6680400834242,0.919131862109525,0.310648135373985,1.14829833725042,2.99768778290961,NA,NA
"2752",5,5,8.64763661175075,0.984688703544725,0.50207664774151,0.570791812999518,1.44757072268463,NA,NA
"2753",3,3,7.26274771268138,NA,0.996345494036585,1.3387390240287,2.8829445235031,NA,NA
"2754",5,5,8.00070392210727,0.938873217480614,0.748403683321633,1.3595543568817,3.19522739470166,NA,NA
"2755",4,4,3.524323652072,1,0.348929777387788,2.58299931933042,6.79095675750002,NA,NA
"2756",6,6,13.0253131702421,0.951059647980031,0.37657750809132,1.75722447080734,4.41580340433497,NA,NA
"2757",6,6,11.2101864811205,0.956929326124155,0.644274257712214,1.83539103107637,5.00564291303883,NA,NA
"2758",10,10,26.8612477850144,0.840977714485624,0.493062953640112,2.66110302898392,7.20947248224124,NA,NA
"2759",4,4,5.79873022900702,1,0.546030138796561,1.65236017633403,3.85337590345478,NA,NA
"2760",8,8,19.7209509582429,0.860208467710153,0.49023718824807,1.71471169624549,4.55166046027289,NA,NA
"2761",7,7,20.2384816005511,0.890716103274024,0.484289572428007,1.97308877626094,4.97389143071471,NA,NA
"2762",6,6,15.2078155875821,0.970797700391396,0.321776596093635,1.73740164008463,4.50319032434969,NA,NA
"2763",9,9,24.4637293413033,0.847325558667524,0.607756630586459,2.57442229193618,6.74232944732715,NA,NA
"2764",9,9,22.781753837228,0.870923956854059,0.669788907708852,2.74554460292586,8.27141327312516,NA,NA
"2765",7,7,17.2286465537053,0.875438246131881,0.640344773051013,2.67156748125186,7.43235016270892,NA,NA
"2766",7,7,16.3727904983726,0.873133655037437,0.259888694915873,2.48868107462646,6.2655554785007,NA,NA
"2767",7,7,19.168595118007,0.964712606064463,0.552961598332428,2.72058576628891,7.75373549388638,NA,NA
"2768",7,7,16.2844445597309,0.892524690204205,0.346692836052322,2.25718251622759,5.43489296072083,NA,NA
"2769",8,8,23.320395914747,0.963984068494523,0.716560552032483,1.43045157730252,4.03775943351263,NA,NA
"2770",8,8,18.2458306446118,0.895535540510661,0.510012189325556,2.09778315923651,5.91301038691414,NA,NA
"2771",7,7,20.5061725249468,0.961326480022805,0.298857587307653,2.65568639695319,7.18432145023528,NA,NA
"2772",6,6,13.6676665680874,0.966771221724401,0.320464557285056,2.15453357711833,5.66731216760645,NA,NA
"2773",8,8,23.5168237359429,0.932872484716197,0.410087780191666,2.71383761536914,7.50997041841821,NA,NA
"2774",10,10,29.5230092549592,0.868296443731053,0.521349715456226,2.47116028068879,6.961648560223,NA,NA
"2775",5,5,11.4931165678763,0.960673911356725,0.36658394786071,0.337357337923306,0.796441460285738,NA,NA
"2776",8,8,23.8336945150808,0.849432023663002,0.415862405619755,1.20577460772118,2.7755893038526,NA,NA
"2777",6,6,14.1131850072112,0.86699998060233,0.812969326203356,0.946199777429955,2.00717688724186,NA,NA
"2778",8,8,20.8230165273639,0.900298586144726,0.295471502946941,1.0545687485551,2.27596168867491,NA,NA
"2779",11,11,33.4362644526999,0.811993644351062,0.671179832102979,1.91374828848411,5.03744311406268,NA,NA
"2780",10,10,22.7437639197425,0.871083976342843,0.541861911754768,1.8568034407519,4.61782463185558,NA,NA
"2781",12,12,32.2337231324817,0.811403812960516,0.782357022945698,2.08982840984835,6.03393737845968,NA,NA
"2782",11,11,22.6890612542017,0.823161790658932,0.3712491137586,1.2395996585178,2.75531151714572,NA,NA
"2783",9,9,21.2091751985793,0.885870163612631,0.477607863538212,1.3261052664194,2.24069884266187,NA,NA
"2784",15,15,47.4045905271231,0.792617929754428,0.730941747779204,2.90105979667538,9.17423354362931,NA,NA
"2785",15,15,43.6593205248283,0.777763844521604,0.498505875046804,1.4425214657044,3.42283213133263,NA,NA
"2786",12,12,40.479028015668,0.852752609289126,0.569565650294054,0.659595143126887,1.46064647882578,NA,NA
"2787",9,9,16.0816670922369,0.856921452347325,0.583384548374255,1.96216761896442,4.90712318020314,NA,NA
"2788",9,9,21.4434757175158,0.891411672546833,0.451384828278396,1.55448612714126,4.01808222084557,NA,NA
"2789",7,7,14.5591487066182,0.951210512008141,0.447509493009851,1.25931417352204,2.00166710882854,NA,NA
"2790",11,11,34.3670812971827,0.816672478319398,0.656219792820665,2.01415093342256,5.24624575070841,NA,NA
"2791",8,8,21.5166150988491,0.840170583464228,0.126241736146235,1.08456595183045,1.688635407308,NA,NA
"2792",7,7,16.2614820528317,0.946318728520261,0.251374005055559,0.976680208168983,1.4281887369426,NA,NA
"2793",13,13,43.0721435961618,0.828776402489758,0.654918416072465,1.36300313799222,3.11878928880742,NA,NA
"2794",9,9,23.6801395863766,0.898653735799292,0.409112926579915,1.22631280584385,2.0867043091405,NA,NA
"2795",9,9,26.971799250848,0.90547118116076,0.325990429684721,0.923646685527,1.39546398506896,NA,NA
"2796",10,10,30.1760534411167,0.804931531200281,0.347670374682938,1.31703500930573,2.30930040482625,NA,NA
"2797",9,9,21.4167963565959,0.898002427807871,0.415843959018617,2.41756106984844,8.09754833518431,NA,NA
"2798",7,7,17.6509378540304,0.891754445933693,0.521851165769292,1.40949641226891,3.4987640595095,NA,NA
"2799",12,12,35.5210372731165,0.753001343142801,0.585169653355675,1.2516011225453,2.82142553755935,NA,NA
"2800",8,8,21.4583177432147,0.873446066037542,0.222109162579944,0.936477317900053,1.36935833080424,NA,NA
"2801",12,12,29.4768691301912,0.811538110952477,0.608423749258919,1.83474578734988,3.94260247462607,NA,NA
"2802",12,12,35.1124512588279,0.840956182177005,0.509034566909069,1.01455704453975,1.69992138093423,NA,NA
"2803",13,13,29.8801459421217,0.75273250998556,0.515157615227647,2.31745818109451,6.74361035164094,NA,NA
"2804",10,10,23.9493870594967,0.812891661221639,0.552023753912309,3.51724518004037,12.9733373625665,NA,NA
"2805",18,18,42.485014208537,0.669574605449638,0.62952407283948,2.23946454147307,6.5800594935202,NA,NA
"2806",12,12,30.379802845689,0.784272169885505,0.638659997760981,2.6086113006788,8.40670943159741,NA,NA
"2807",13,13,34.0143385169558,0.747817400451455,0.586602097095158,2.47679441902036,7.03820837770171,NA,NA
"2808",8,8,19.5790025631107,0.876711600035819,0.711117289276984,2.3255760747965,7.17026443823111,NA,NA
"2809",9,9,20.430238474464,0.835121045241266,0.513910918047297,1.84541958991003,4.25032584818483,NA,NA
"2810",12,12,27.0168158651488,0.764799724219423,0.556177941437074,2.00500739598941,5.28313164593084,NA,NA
"2811",13,13,34.9345996328016,0.778078971500565,0.717435360910792,2.29106361893246,6.91867817204771,NA,NA
"2812",14,14,30.1838275539039,0.724756080286649,0.509725252202034,2.59305596922274,8.4583947261881,NA,NA
"2813",14,14,34.9884480034806,0.776981608872296,0.499150196869882,2.55045335224115,7.71591418652935,NA,NA
"2814",10,10,24.2763651530742,0.785107892235805,0.202080749623773,1.62810717217181,3.51635251698851,NA,NA
"2815",10,10,21.0146669744809,0.768300639365499,0.356126767959008,1.7106383566582,3.49853741584999,NA,NA
"2816",10,10,27.5824743004244,0.801032663919903,0.49433685108906,2.28209624170063,5.62950303595486,NA,NA
"2817",11,11,29.9841426407335,0.786717930698295,0.764132955706201,2.66651407716316,7.67793799123542,NA,NA
"2818",5,5,11.3322662323201,0.981866028279709,0.761185491144599,2.34410563366908,6.19221913522512,NA,NA
"2819",5,5,11.3322662323201,0.981866028279709,0.562745824072859,2.08750350453773,5.3309787707912,NA,NA
"2820",6,6,11.0936962751075,0.879871504712678,0.608515417093955,2.17910670265825,5.80203435703891,NA,NA
"2821",5,5,9.82914105403692,0.95807398077501,0.586699654517076,2.56692476489322,6.7359858507038,NA,NA
"2822",6,6,9.63966338821295,0.91795898471083,0.602906504619598,2.18517382290867,5.17455620571282,NA,NA
"2823",6,6,13.2352352839717,0.920145103966108,0.510343498241062,2.52493465744472,6.52333387050228,NA,NA
"2824",7,7,18.6781482788223,0.913311866505564,0.508798492065841,2.16015459778832,5.94300942341906,NA,NA
"2825",7,7,18.6781482788223,0.913311866505564,0.579578664548936,2.21521812827397,6.15772387106252,NA,NA
"2826",6,6,15.9460927576073,0.951916012314859,0.46240092629666,2.63494072923015,7.32236404725146,NA,NA
"2827",8,8,18.426090764152,0.841473783176973,0.537075319323108,2.28131968365547,6.63083866774942,NA,NA
"2828",4,4,5.66364616073662,1,0.391593228704869,1.04224205519175,2.46344616751459,NA,NA
"2829",6,6,15.7121556304158,0.939112440983532,0.668713031235801,1.21199578363148,2.58009890341792,NA,NA
"2830",9,9,24.6392720190167,0.880362541473398,0.746973450259612,1.29446155829748,3.40467551955941,NA,NA
"2831",4,4,3.98750117801403,1,0.562646391656262,1.07645629029989,2.21178929567483,NA,NA
"2832",4,4,3.98750117801403,1,0.561587006518611,1.02781784078329,2.22599057794146,NA,NA
"2833",7,7,20.2465980148226,0.899718717679342,0.705114705367536,2.12050612888014,6.14382366456178,NA,NA
"2834",7,7,20.2465980148226,0.899718717679342,0.705114705367536,2.12050612888014,6.14382366456178,NA,NA
"2835",6,6,16.3079174215074,0.917057007462174,0.4253828602157,2.19592562289174,6.04977752707347,NA,NA
"2836",7,7,16.1328812906534,0.933150579810519,0.510747512722385,1.93244559127091,4.77495561830912,NA,NA
"2837",7,7,16.1328812906534,0.933150579810519,0.634372432983798,2.0178514746007,5.12711853279114,NA,NA
"2838",8,8,21.7933441942204,0.896744112154908,0.461073868152071,2.47022130262387,6.75920480957755,NA,NA
"2839",10,10,22.444605270285,0.797155756852019,0.464303943730278,2.22416187567506,6.04604794950524,NA,NA
"2840",6,6,9.97972408298056,0.941477125858001,0.566011757513307,0.781294892516681,1.7824349422484,NA,NA
"2841",6,6,9.97972408298056,0.941477125858001,0.566052016804253,0.790602474083001,1.80456546510196,NA,NA
"2842",6,6,14.053865045352,0.951061118147975,0.454488806262635,0.75594138989588,1.5751905672107,NA,NA
"2843",9,9,23.8284112053474,0.80106225447667,0.832343206037738,1.45446897324398,3.84311434013352,NA,NA
"2844",9,9,23.8284112053474,0.80106225447667,0.832343206037738,1.45446897324398,3.84311434013352,NA,NA
"2845",11,11,26.2245754252492,0.778728520886023,0.623386656550156,2.63517923955626,8.3447315829946,NA,NA
"2846",7,7,18.426858117611,0.841723349747899,0.618568220121432,1.83114054435798,4.7847839474644,NA,NA
"2847",7,7,18.426858117611,0.841723349747899,0.618568220121432,1.83114054435798,4.7847839474644,NA,NA
"2848",7,7,15.920211010194,0.861609556591879,0.641780661241636,1.78363230525583,4.92277956850299,NA,NA
"2849",9,9,21.1852768503227,0.880589853853598,0.576767148527795,2.00367081227478,4.78421870291525,NA,NA
"2850",8,8,20.3548677930319,0.829111799318933,0.625672293494597,1.2716310045354,3.34114190714547,NA,NA
"2851",5,5,11.9252939674634,0.878774699049543,0.457141750629969,1.20960360490233,2.71540382707245,NA,NA
"2852",6,6,14.8384050075501,0.890911491163635,0.465617025012225,1.85334242890641,4.80805709202457,NA,NA
"2853",7,7,17.4287598527967,0.847754556867543,0.542938747886573,1.78241086532772,4.77253981011012,NA,NA
"2854",6,6,13.4146379470534,0.874030415123405,0.556602525479724,1.23052070252994,3.02898546676525,NA,NA
"2855",9,9,24.6823328647437,0.852387443677026,0.799158026132716,1.25876113327905,3.25100653931347,NA,NA
"2856",7,7,18.4267540968301,0.866638826767643,0.546556598732244,1.37810357142557,3.34049969717301,NA,NA
"2857",7,7,18.4267540968301,0.866638826767643,0.546556598732244,1.37810357142557,3.34049969717301,NA,NA
"2858",6,6,15.6058068898605,0.858944712729667,0.55002094237681,1.3773700996793,3.60531304180489,NA,NA
"2859",8,8,23.2592327775187,0.9102650167229,0.512699662467497,1.54634537083266,4.12424688698152,NA,NA
"2860",6,6,14.0157486099348,0.940337568498405,0.309821198826306,1.85880514153624,4.28090429293389,NA,NA
"2861",6,6,13.4232378540532,0.952005829794381,0.203280343208419,1.80545268390007,4.05324417023306,NA,NA
"2862",7,7,19.0354740725735,0.924293427726159,0.705448547454909,2.40495250309395,6.32992004683494,NA,NA
"2863",9,9,21.5543492140736,0.886784703030269,0.499073782852461,2.58582812183571,7.349606328544,NA,NA
"2864",9,9,17.4653331086366,0.787910321998644,0.487399322301641,1.86907856806655,4.80771833695572,NA,NA
"2865",9,9,21.6102476221057,0.881594143592727,0.545469109153925,3.07591086690223,9.61149909129954,NA,NA
"2866",7,7,16.1328812906534,0.933150579810519,0.403832997939682,2.33374712474441,6.09432382259835,NA,NA
"2867",7,7,16.5394827607832,0.885050026935481,0.488034873471742,1.75479388955314,4.42789211957968,NA,NA
"2868",7,7,15.8809923858446,0.89621749968024,0.434078604282401,1.40873632229361,3.2185436106422,NA,NA
"2869",9,9,22.5922919711747,0.82753185224903,0.418420477529923,1.71709090683912,3.95103252710763,NA,NA
"2870",4,4,6.24981205622355,1,0.327127381220577,1.81120224235135,3.79402664925969,NA,NA
"2871",4,4,7.23054863276906,1,0.651012865351645,1.87934572832225,4.81030584736644,NA,NA
"2872",4,4,7.23054863276906,1,0.463831368184309,1.64057543716734,3.82767891142232,NA,NA
"2873",5,5,10.0032366274191,0.943247025719881,0.594963701613712,2.10875466043463,5.23801711908585,NA,NA
"2874",4,4,7.48312496154036,1,0.287310323210243,1.06164135432723,2.47451289993883,NA,NA
"2875",5,5,9.84827600973761,0.992635303087525,0.48270296375549,2.02330229447561,5.01032376154015,NA,NA
"2876",3,3,6.91219378065244,NA,0.916718429145321,1.34142687544633,3.06470697986637,NA,NA
"2877",3,3,6.91219378065244,NA,0.89230879105947,0.694777108239122,1.55507927219031,NA,NA
"2878",3,3,7.6844081647801,NA,0.246069581753433,0.965282589445734,2.08695284760041,NA,NA
"2879",5,5,9.31625372055123,0.995569746200884,0.402832043918638,1.06542956270064,2.50074645655553,NA,NA
"2880",2,2,NA,NA,NA,1.56912325294945,3.32861307803415,NA,NA
"2881",4,4,6.3949594294137,1,0.528948892170249,1.6061943997561,4.10156036013531,NA,NA
"2882",2,2,NA,NA,NA,1.03901404582513,2.20408163265306,NA,NA
"2883",8,8,20.3508464870627,0.741352874178379,0.574095256483639,2.35642013943572,6.06566966828704,NA,NA
"2884",7,7,15.6788997930228,0.781574579950793,0.569824661494191,2.15392824927159,5.26245694352167,NA,NA
"2885",5,5,12.457561053991,0.902744776684707,0.372568870404735,0.827155829793572,1.76309061916029,NA,NA
"2886",5,5,10.056811090408,0.876379032437408,0.516013967360701,2.29399619564921,5.74633017003939,NA,NA
"2887",6,6,14.8935142450101,0.87282012065684,0.615643579218038,1.92137875667855,4.75129589503921,NA,NA
"2888",3,3,7.21605912569366,NA,0.969685287692695,1.65304622258815,3.78967930351247,NA,NA
"2889",4,4,7.75800383038885,1,0.704068278617504,2.01022966785488,4.83321469016585,NA,NA
"2890",5,5,10.9127238306815,0.931857307332411,0.899469006842218,2.2542254701926,5.53235583906997,NA,NA
"2891",5,5,9.16781495104377,0.887801863757487,0.561664429041525,2.39126093701412,5.8784916705105,NA,NA
"2892",6,6,15.382883820311,0.900046398402722,0.596341423742001,2.49219252100749,6.34496088037767,NA,NA
"2893",5,5,11.7439070938746,0.99008518999444,0.318403650651562,1.4738144894972,3.37217313211877,NA,NA
"2894",5,5,11.5907166253452,0.932000882577263,0.667301774972542,2.84591654913298,8.12959826339407,NA,NA
"2895",4,4,8.03987717691616,1,0.698457855737429,2.5004653796835,6.35205218574666,NA,NA
"2896",3,3,7.37047441491581,NA,0.960085988887699,2.47497938143319,6.13127552250381,NA,NA
"2897",5,5,9.16781495104379,0.887801863757488,0.87954907222131,2.43727226633276,6.12521154982973,NA,NA
"2898",5,5,11.7439070938746,0.990085189994441,0.724787259409988,2.38450581957201,6.10049975353297,NA,NA
"2899",5,5,11.7439070938746,0.99008518999444,0.387802273412437,1.30962254867472,3.05506590800335,NA,NA
"2900",6,6,14.917993687814,0.804288871095916,0.597365232956515,1.82540841248862,4.56215462397143,NA,NA
"2901",4,4,4.13930035676777,1,0.735883615453985,2.2280735250201,5.97570039870462,NA,NA
"2902",5,5,10.8372191319511,0.971884645151717,0.793745965202045,2.70416309876936,7.48174710783645,NA,NA
"2903",3,3,7.37047441491582,NA,0.764624525851191,2.23751738694714,5.48253045272598,NA,NA
"2904",3,3,5.48144436612459,NA,0.839185311025039,2.10557972155836,5.24415821745117,NA,NA
"2905",4,4,4.13930035676777,1,0.674072624738266,1.04613277353975,2.15667961317453,NA,NA
"2906",6,6,14.7915854651349,0.859328703536253,0.763236325779946,1.8575937251947,4.75440871886608,NA,NA
"2907",5,5,11.5557530342656,0.966928611365972,0.490825638318103,1.63634602829537,4.15319691530552,NA,NA
"2908",3,3,6.53200381490079,NA,0.450448456262712,1.59179674622722,3.72417696079911,NA,NA
"2909",3,3,6.53200381490079,NA,0.510614396731238,1.77675334691908,4.25525505506974,NA,NA
"2910",5,5,10.3671157521726,0.953092818834305,0.278214565614307,1.44182513741572,2.62613532983079,NA,NA
"2911",4,4,4.81254084226626,1,0.604384986552877,1.62923252984166,4.32919117678564,NA,NA
"2912",5,5,11.8558975199018,0.968050554219723,0.187582265902275,2.109435713411,5.26997523887137,NA,NA
"2913",5,5,13.1950124914917,0.95575098234529,0.542395765107326,1.64084771688943,4.08235230566691,NA,NA
"2914",6,6,11.8952834062418,0.832527267984506,0.735921556327619,2.7013139792365,7.72369022104262,NA,NA
"2915",7,7,16.1201865838439,0.770791725346745,0.828363271711139,2.52689502875029,6.60346138488561,NA,NA
"2916",5,5,10.3671157521726,0.953092818834305,0.303320796123696,1.40132252216695,3.09812003572228,NA,NA
"2917",5,5,12.8774947405634,0.900109183899836,0.2019793978265,2.13312867840418,5.19692218890338,NA,NA
"2918",6,6,19.3112229555157,0.873682352888817,0.651729395396071,2.43417039637052,6.46696494429127,NA,NA
"2919",3,3,6.53200381490079,NA,0.378174931833573,1.38181089368871,3.25976007109426,NA,NA
"2920",4,4,5.85187227127744,1,0.500719180641987,1.96307085065589,4.57166718789855,NA,NA
"2921",3,3,6.53200381490079,NA,0.704008353016819,2.15712631901818,5.1401795957927,NA,NA
"2922",4,4,4.81254084226626,1,0.46014246037208,1.96350202908541,4.61457369421531,NA,NA
"2923",6,6,12.3324325073673,0.890486021281368,0.526569700066521,1.89033501545584,4.42369366486923,NA,NA
"2924",3,3,7.26233740310253,NA,0.873162652007219,2.4572301123297,6.11710782945263,NA,NA
"2925",3,3,7.72823994129433,NA,0.964504276678158,2.33508305857125,5.66005920649239,NA,NA
"2926",4,4,7.75314448227572,1,0.347354500264384,1.43080680254939,3.02973751247865,NA,NA
"2927",4,4,8.05434301144077,1,0.239123848898813,1.86987305617696,3.98337455714463,NA,NA
"2928",8,8,17.8319347690759,0.758210032499749,0.601770959288446,2.35090634319989,5.94875840481445,NA,NA
"2929",5,5,11.2052403186553,0.869669873191247,0.434702011838579,2.11368967141389,4.84818229453421,NA,NA
"2930",5,5,11.5479366304858,0.885131866064004,0.82777813018678,2.248338906477,5.64675532730688,NA,NA
"2931",9,9,20.2911947672622,0.743560770709715,0.581399473821106,2.54441500401639,7.27083372085106,NA,NA
"2932",5,5,11.5862828364009,0.859662371263953,0.416095538806986,1.60289842926793,3.53294847939235,NA,NA
"2933",6,6,13.4913196063602,0.818234776913242,0.789647219142806,2.60113960713405,6.98543608634982,NA,NA
"2934",5,5,11.5479366304858,0.885131866064004,0.587178041324267,2.20123938417569,5.26721119122783,NA,NA
"2935",7,7,16.9737348969483,0.789325027841438,0.827878508867267,2.4362674686368,6.69915515239442,NA,NA
"2936",7,7,16.9737348969483,0.789325027841438,0.671776623723248,2.59545243440857,7.18036362042233,NA,NA
"2937",7,7,19.8272775138472,0.83851925855317,0.663404309532027,2.47463556182067,6.83663799195299,NA,NA
"2938",6,6,13.8423047690808,0.792024751582661,0.748388680003158,2.01430942162543,4.99472297466159,NA,NA
"2939",8,8,18.3490437813846,0.754505742959401,0.633572410023493,2.28392815432908,5.58790890649588,NA,NA
"2940",5,5,10.4986924929268,0.918436818570084,0.764201856203174,2.0731842100877,4.51332404342718,NA,NA
"2941",7,7,15.2170251892998,0.764137130733848,0.722844628675474,2.40959397979558,6.19977573753291,NA,NA
"2942",7,7,18.446997966553,0.797300574972834,0.40603167213913,2.26581092370113,5.43512769815195,NA,NA
"2943",7,7,15.8862063131453,0.764388852672231,0.629523269409936,2.27587731894565,5.60388915088993,NA,NA
"2944",8,8,17.894437454354,0.74041805559507,0.693906591006593,2.44046375757618,6.24752114909197,NA,NA
"2945",10,9,23.2196545181323,0.764692777174026,0.623464742651138,2.64744442404066,7.70609129815631,"Zero distance(s)",NA
"2946",4,4,7.05042459647022,1,0.820702036450207,2.53720902963441,6.58643862453642,NA,NA
"2947",12,12,26.5944037928412,0.824595041201172,0.843442181656168,2.69534984906065,7.97725753450213,NA,NA
"2948",8,8,21.3307056997779,0.872811562881964,0.665565675166174,2.66192210889636,7.79555442098806,NA,NA
"2949",8,8,17.8196634552788,0.815003861955677,0.562198498146536,2.2497511970325,5.6693210211336,NA,NA
"2950",8,7,15.916668503082,0.806007024766675,0.69452618220881,2.94866964153892,8.84884838272508,"Zero distance(s)",NA
"2951",7,6,15.7913073863914,0.841918034574961,0.714262258596056,2.85422153772408,8.32079927239883,"Zero distance(s)",NA
"2952",11,10,23.9888387069549,0.770947927048708,0.535594475283808,2.81430096292805,8.53422954565108,"Zero distance(s)",NA
"2953",10,10,19.7906622466104,0.747225485049119,0.643657122909469,2.33702042724665,6.44444160511296,NA,NA
"2954",18,18,39.2238257157316,0.636146017118637,0.694144581598736,2.8078430135457,8.95564542717848,NA,NA
"2955",11,11,22.6466252091535,0.769778388968702,0.614116883876852,2.83722267376619,8.98081211537338,NA,NA
"2956",13,13,30.8294748624136,0.747340689245898,0.628334982182869,2.98811437053551,9.63674129965383,NA,NA
"2957",17,17,36.6691500223599,0.662671068236845,0.635524589172437,3.13376849551205,10.7604158928856,NA,NA
"2958",14,14,31.9346562799678,0.705634489998962,0.810642738843482,3.3082046467508,11.5517288749715,NA,NA
"2959",16,16,31.1650282565437,0.722590259282133,0.660874781397585,3.02900245993196,9.78938937860754,NA,NA
"2960",13,13,31.0796093818281,0.771770108731513,0.640746324738156,2.92408411545344,9.26474718418577,NA,NA
"2961",15,15,26.777570352282,0.7307615042142,0.615543846287951,3.07171245309058,10.113034461049,NA,NA
"2962",6,6,15.1887977404448,0.897595798360258,0.237952999620298,1.80758162634736,4.82593655205649,NA,NA
"2963",3,3,7.47512361160611,NA,0.510877072812446,1.75604687958658,3.94165689781419,NA,NA
"2964",3,3,7.47512361160611,NA,0.0496132380455383,0.190469739257192,0.450400740803013,NA,NA
"2965",4,4,7.29768307312797,1,0.722928087143856,2.17816816958917,5.33357028686606,NA,NA
"2966",4,4,7.29768307312797,1,0.402814958856644,1.15832590029902,2.39911965523247,NA,NA
"2967",4,4,5.33749955486966,1,0.340867330668875,1.77947496961097,3.40705902981838,NA,NA
"2968",5,5,11.7352825567258,0.919979537845953,0.0350325210673369,1.71098646522812,3.68750702300971,NA,NA
"2969",5,5,10.7157864015727,0.964472974898163,0.51176364463845,0.640097303638303,1.40128997707101,NA,NA
"2970",4,4,4.89204513365497,1,0.443087218607756,1.56377769888009,3.64453489502585,NA,NA
"2971",5,5,10.5371254458117,0.954703944833192,0.558314573482853,1.5885241238714,3.6979858950002,NA,NA
"2972",5,5,11.5311085799473,0.908645116561356,0.521220406836464,1.76248941477261,3.96932259843112,NA,NA
"2973",5,5,10.7157864015727,0.964472974898163,0.731002802789119,1.52793838328264,3.87043344170129,NA,NA
"2974",4,4,7.29768307312797,1,0.581253518129867,1.46613982151957,3.40977528188352,NA,NA
"2975",3,3,7.47512361160611,NA,0.565174798654014,1.83051991155071,4.4230722204455,NA,NA
"2976",6,6,15.1887977404448,0.897595798360258,0.611164157062202,1.16108507791741,2.86990427189524,NA,NA
"2977",6,6,12.7144697641268,0.885363634394996,0.409008823290493,1.27117430829546,2.44268561529257,NA,NA
"2978",3,3,7.31765364464608,NA,0.0195934742925128,0.087902026567566,0.203147128629252,NA,NA
"2979",6,6,14.0300893837897,0.860687511362389,0.819702812399693,2.492242279658,6.88329350631041,NA,NA
"2980",5,5,11.7352825567258,0.919979537845953,0.369433272618901,0.407812398383218,0.823575464086939,NA,NA
"2981",4,4,7.10242227480152,1,0.0216453924748395,0.0731612694444025,0.170765967069514,NA,NA
"2982",5,5,9.58279069738544,0.919188126273652,0.57177153480855,2.60728086742145,7.09514637902869,NA,NA
"2983",5,5,9.58279069738544,0.919188126273652,0.617505619315484,2.29249013203582,5.76170548704501,NA,NA
"2984",6,6,15.1887977404448,0.897595798360258,0.618221713887732,2.26677731713868,5.67529647923179,NA,NA
"2985",2,2,NA,NA,NA,1.59099025766973,3.375,NA,NA
"2986",5,5,9.58279069738544,0.919188126273652,0.270603866450869,2.70658317628926,7.38593265659306,NA,NA
"2987",5,5,11.7352825567258,0.919979537845953,0.594675672466423,1.79450229896832,4.18705675586246,NA,NA
"2988",5,5,11.7352825567258,0.919979537845953,0.205138077783368,2.14584126334332,4.84961854899244,NA,NA
"2989",5,5,11.7352825567258,0.919979537845953,0.636725142401587,2.44192745753854,6.2257737535364,NA,NA
"2990",5,5,9.58279069738544,0.919188126273652,0.48629530831639,2.42331373449535,6.53331402981307,NA,NA
"2991",5,5,11.7352825567258,0.919979537845953,0.342879119101195,2.2531016714295,5.32325458253784,NA,NA
"2992",5,5,11.7352825567258,0.919979537845953,0.659963515468367,1.83158856108469,4.59983161208891,NA,NA
"2993",5,5,9.58279069738544,0.919188126273652,0.226504277769145,2.25275684955457,5.12745530020951,NA,NA
"2994",4,4,7.85442984683293,1,0.178604861646047,1.38539529099725,3.07426487806357,NA,NA
"2995",4,4,7.54276464617043,1,0.670710680957695,2.08496040326374,5.27346891202802,NA,NA
"2996",5,5,11.7352825567258,0.919979537845953,0.164235077675985,0.839707352582127,1.57405197058881,NA,NA
"2997",5,5,11.7352825567258,0.919979537845953,0.762039914817336,2.216164114041,5.97714086644626,NA,NA
"2998",6,6,15.1887977404448,0.897595798360258,0.601491048891914,1.74701560087081,4.10454482438773,NA,NA
"2999",3,3,7.23308889262933,NA,0.403960724570289,1.42732363124587,3.0987001309419,NA,NA
"3000",5,5,9.58279069738544,0.919188126273652,0.319849942338253,2.12116554648771,5.82884995346596,NA,NA
